Id,EspecialidadId,Nombre,RamaId,Descripcion
1,1,ANTROPOLOGO,1,"Aprendo sobre al menos tres culturas diferentes, incluyendo sus costumbres, vestimentas y formas de vida."
2,1,ANTROPOLOGO,1,"Creo un álbum con dibujos y recortes sobre las culturas que he aprendido, mostrando su diversidad y riqueza."
3,1,ANTROPOLOGO,1,"Participo en una actividad cultural, como una fiesta, una celebración o un taller, y cuento mi experiencia."
4,1,ANTROPOLOGO,1,Investigo la historia y las tradiciones de mi propia familia y creo un árbol genealógico sencillo con detalles sobre mis antepasados.
5,1,ANTROPOLOGO,1,"Intercambio cartas o mensajes con un niño de otro país, aprendiendo sobre su vida y cultura."
6,1,ANTROPOLOGO,1,Realizo un pequeño proyecto que promueva el respeto y la tolerancia hacia otras culturas en mi escuela o comunidad.
7,1,ANTROPOLOGO,1,Aprendo y juego al menos dos juegos tradicionales de diferentes culturas.
8,2,ASTRONOMO,1,"Aprendo sobre el sistema solar y los planetas que lo componen, identificando sus características principales."
9,2,ASTRONOMO,1,Creo un modelo del sistema solar usando materiales reciclados o manualidades.
10,2,ASTRONOMO,1,Aprendo a reconocer al menos tres constelaciones y sus historias.
11,2,ASTRONOMO,1,"Participo en una noche de observación de estrellas, usando binoculares o un telescopio para observar el cielo."
12,2,ASTRONOMO,1,"Investigo y presento sobre un planeta, estrella o fenómeno astronómico, compartiendo información interesante con mi grupo."
13,2,ASTRONOMO,1,"Hago un dibujo o pintura del cielo nocturno, incluyendo estrellas, planetas y constelaciones."
14,2,ASTRONOMO,1,"Visito un planetario, observatorio o participo en una actividad astronómica y comparto lo que aprendí con mi grupo."
15,3,ARQUEOLOGO,1,Aprendo qué es la arqueología y cómo trabajan los arqueólogos para descubrir y estudiar restos antiguos.
16,3,ARQUEOLOGO,1,"Creo un dibujo o maqueta de un sitio arqueológico famoso, como las pirámides de Egipto o Machu Picchu."
17,3,ARQUEOLOGO,1,Visito un museo o una exhibición arqueológica y comparto lo que aprendí con mi manada.
18,3,ARQUEOLOGO,1,"Investigo y presento sobre una civilización antigua, como los mayas, los romanos o los egipcios."
19,3,ARQUEOLOGO,1,"Hago una colección de “artefactos” utilizando materiales reciclados para representar objetos antiguos, como herramientas o vasijas."
20,3,ARQUEOLOGO,1,Aprendo sobre el trabajo de los arqueólogos modernos y cómo utilizan la tecnología para hacer descubrimientos
21,4,BOTANICO,1,"Aprendo sobre las partes de una planta y sus funciones (raíces, tallo, hojas, flores)."
22,4,BOTANICO,1,"Planto una semilla y cuido de ella hasta que crezca, manteniendo un diario con dibujos de su crecimiento."
23,4,BOTANICO,1,"Creo un herbario sencillo con hojas y flores recogidas, identificando cada una con su nombre."
24,4,BOTANICO,1,"Investigo y presento sobre una planta nativa de mi región, incluyendo sus usos y beneficios."
25,4,BOTANICO,1,"Participo en una actividad de jardinería, como plantar flores en mi escuela o comunidad."
26,4,BOTANICO,1,Visito un jardín botánico o un vivero y comparto lo que aprendí con mi grupo.
27,4,BOTANICO,1,Aprendo sobre la importancia de las plantas para el medio ambiente y cómo ayudan a mantener el aire limpio.
28,5,CARPINTERO,1,Aprendo sobre las herramientas básicas de carpintería y cómo usarlas de manera segura.
29,5,CARPINTERO,1,"Participo en un taller de carpintería, aprendiendo a medir, cortar y ensamblar piezas de madera."
30,5,CARPINTERO,1,"Creo un proyecto simple de carpintería, como una caja, un estante o un marco de fotos."
31,5,CARPINTERO,1,Investigo y presento sobre diferentes tipos de madera y sus usos.
32,5,CARPINTERO,1,"Participo en una actividad de reciclaje de madera, reutilizando materiales para crear nuevos objetos."
33,5,CARPINTERO,1,Visito un taller de carpintería o hablo con un carpintero y aprendo sobre su trabajo.
34,5,CARPINTERO,1,Aprendo sobre la importancia de la madera en la construcción y en la vida cotidiana.
35,6,COMPUTACION,1,"Conozco las partes fundamentales de una computadora, tanto hardware como software, y su función."
36,6,COMPUTACION,1,"Conozco cómo navegar de manera segura por internet, incluyendo la identificación de sitios seguros y la protección de información personal."
37,6,COMPUTACION,1,"He creado un pequeño programa o juego usando una plataforma de programación para niños, como Scratch o Tynker, y puedo explicar cómo funciona."
38,6,COMPUTACION,1,"Conozco los pasos para realizar el mantenimiento básico de una computadora, incluyendo la limpieza del hardware y la actualización del software."
39,6,COMPUTACION,1,"Manejo adecuadamente tres aplicaciones de productividad, como un procesador de texto, una hoja de cálculo y un programa de presentaciones, y puedo explicar sus usos básicos."
40,6,COMPUTACION,1,"He diseñado y creado un contenido digital, como un video corto o una presentación multimedia, y puedo compartir cómo lo realicé y qué herramientas utilicé."
41,7,EXPLORADOR DIGITAL,1,Aprendo sobre la importancia de la seguridad en línea y cómo proteger mi información personal mientras uso Internet.
42,7,EXPLORADOR DIGITAL,1,"Investigo y presento sobre al menos tres herramientas digitales útiles para el aprendizaje y la creatividad (como aplicaciones educativas, programas de edición de fotos, etc.)."
43,7,EXPLORADOR DIGITAL,1,"Creo un proyecto digital simple, como una presentación, un collage de fotos o un dibujo digital, utilizando una herramienta o aplicación en línea."
44,7,EXPLORADOR DIGITAL,1,"Participo en una actividad en línea educativa, como un juego educativo, un tour virtual o una clase en línea, y comparto lo que aprendí con mi grupo."
45,7,EXPLORADOR DIGITAL,1,Aprendo a enviar correos electrónicos y mensajes de manera segura y respetuosa.
46,7,EXPLORADOR DIGITAL,1,"Investigo y presento sobre una figura importante en el mundo de la tecnología, como un inventor, científico o emprendedor."
47,8,GAMER,1,Investigo y presento las características de diferentes géneros de videojuegos y cómo han evolucionado con el tiempo.
48,8,GAMER,1,Describo las estrategias básicas de tres juegos apropiados para mi edad y reflexiono sobre cómo estos juegos ayudan a desarrollar habilidades
49,8,GAMER,1,"Elaboro y sigo un plan de juego responsable que incluye límites de tiempo, la selección de juegos adecuados para mi edad y el balance entre jugar y otras actividades como estudiar y hacer deporte."
50,8,GAMER,1,Puedo mantener un volumen apropiado en los juegos de modo de prestar atencion tambien a mi entorno.
51,8,GAMER,1,Se instalar juegos y borrar los que ya no uso para optimizar el espacio de mi computador o celular.
52,9,GEOLOGO,1,"Aprendo sobre los tres tipos principales de rocas (ígneas, sedimentarias y metamórficas) y sus características."
53,9,GEOLOGO,1,"Recolecto y clasifico al menos cinco tipos diferentes de rocas o minerales, creando una pequeña colección con etiquetas descriptivas."
54,9,GEOLOGO,1,"Investigo y presento sobre un fósil, explicando cómo se formó y qué nos puede decir sobre la historia de la Tierra."
55,9,GEOLOGO,1,Participo en una excursión para observar formaciones rocosas o visitar un museo de geología y comparto lo que aprendí con mi grupo.
56,9,GEOLOGO,1,Realizo un experimento sencillo para mostrar cómo se forman las rocas sedimentarias utilizando materiales caseros.
57,9,GEOLOGO,1,"Creo un modelo o dibujo de la estructura interna de la Tierra, mostrando el núcleo, el manto y la corteza."
58,9,GEOLOGO,1,Aprendo sobre la importancia de la conservación de los recursos naturales y cómo los geólogos contribuyen a la protección del medio ambiente.
59,10,METEOROLOGO,1,"Aprendo sobre los diferentes instrumentos que utilizan los meteorólogos para medir el clima, como el termómetro, el anemómetro y el pluviómetro."
60,10,METEOROLOGO,1,"Construyo un instrumento meteorológico simple, como un pluviómetro o una veleta, y lo utilizo para medir las condiciones del tiempo durante una semana."
61,10,METEOROLOGO,1,"Mantengo un diario meteorológico durante una semana, registrando diariamente la temperatura, la humedad, el viento y las precipitaciones."
62,10,METEOROLOGO,1,"Investigo y presento sobre un fenómeno meteorológico extremo, como un huracán, un tornado o una tormenta de nieve, explicando cómo se forma y sus efectos."
63,10,METEOROLOGO,1,"Aprendo a leer y comprender un mapa meteorológico básico, identificando frentes, sistemas de alta y baja presión y otros elementos del tiempo."
64,11,PALEONTOLOGO,1,Se lo que es la paleontología y cuales son las funciones que desempeñan los Paleontólogos.
65,11,PALEONTOLOGO,1,Puedo explicar lo que es la prehistoria y las eras en que esta se divide.
66,11,PALEONTOLOGO,1,Se como se inicio la vida en el mar y de cómo esta también pudo hacerlo sobre la tierra.
67,11,PALEONTOLOGO,1,"Conozco cinco clases de dinosaurios herbívoros, cinco carnívoros y puedo explicar las características principales que estos tenían."
68,11,PALEONTOLOGO,1,Conozco algunos procesos por los cuales un ser vivo quede fosilizado.
69,11,PALEONTOLOGO,1,Se cuando aparecieron los animales mamíferos.
70,11,PALEONTOLOGO,1,Conozco las características de los restos de tres animales fosilizados que son de mucha importancia para los paleontólogos.
71,12,ZOOLOGO,1,Se lo que es la zoología y cuales son las funciones que desempeñan los zoólogos.
72,12,ZOOLOGO,1,Se lo que significar decir “la extinción definitiva de una especie”.
73,12,ZOOLOGO,1,Conozco las principales características cinco especies en extinción y el porque de esto.
74,12,ZOOLOGO,1,Conozco tres animales que hayan desaparecido del planeta a causa del ser humano.
75,12,ZOOLOGO,1,Se lo que es la una Asociación de Defensa de los Derechos de los animales y me puse en contacto con alguna de estas.
76,12,ZOOLOGO,1,"Al igual que los humanos los animales también tienen derechos, conozco algunos de estos."
77,12,ZOOLOGO,1,Cuido y respeto a los animales tratando siempre de protegerlos.
78,13,ACTOR,1,Tengo conocimientos sobre la historia del teatro.
79,13,ACTOR,1,Conozco tres expresiones del teatro y sus características.
80,13,ACTOR,1,Sé cuales son las reglas para que un actor tenga un buen desempeño.
81,13,ACTOR,1,Conozco la biografía de cinco actores nacionales.
82,13,ACTOR,1,Conozco tres obras de teatro clásico y tres obras de teatro nacionales.
83,13,ACTOR,1,"Sé cual es la importancia de la iluminación, vestuario, maquillaje, sonido y escenografía en una obra de teatro."
84,13,ACTOR,1,"Demuestro que sé hablar en público, dirigir, e invitar a que otros participen."
85,13,ACTOR,1,Realizo un pequeño guión y organizo una pequeña obra de teatro con mi Manada.
86,14,ARTISTA DIGITAL,1,"Crear tres obras de arte digital utilizando diferentes técnicas (pintura, collage, dibujo)."
87,14,ARTISTA DIGITAL,1,Realizar una animación de al menos 10 segundos.
88,14,ARTISTA DIGITAL,1,Participar en una exposición virtual o presencial con las obras creadas.
89,14,ARTISTA DIGITAL,1,Aprender sobre la paleta de colores y mostrar cómo se utilizan en el arte digital
90,14,ARTISTA DIGITAL,1,Crear un portafolio digital de sus trabajos.
91,15,CINEASTA,1,Tengo conocimientos sobre la historia del cine.
92,15,CINEASTA,1,"Conozco los principios básicos de la cinematografía, incluyendo tipos de planos, ángulos de cámara y movimientos."
93,15,CINEASTA,1,"Escribo un guión corto y diseño un storyboard para un proyecto de video, asegurando que la narrativa sea clara y coherente."
94,15,CINEASTA,1,"Demuestro habilidad en el manejo de una cámara de video, grabando material que sigue los principios cinematográficos."
95,15,CINEASTA,1,"Edito el material grabado utilizando software de edición de video, añadiendo efectos, música y transiciones para mejorar la narrativa visual.."
96,15,CINEASTA,1,"Se  a  que  se  refieren  cuando  hablan  de  una película: cómica, infantil, de acción, drama, romántica y de terror."
97,15,CINEASTA,1,"Conozco tres películas nacionales, las e visto y puedo hablar algo sobre ellas."
98,16,COLECCIONISTA,1,"Elijo un tema de colección que me interese, como monedas, estampillas, rocas, o figuritas, y explico por qué lo seleccioné."
99,16,COLECCIONISTA,1,"Registro cada ítem de mi colección, incluyendo detalles como origen, fecha y características especiales."
100,16,COLECCIONISTA,1,Aprendo y aplico técnicas adecuadas para preservar y mantener los objetos de mi colección en buen estado.
101,16,COLECCIONISTA,1,"Organizo una pequeña exposición de mi colección para mostrarla a mi manada, escuela o familia, explicando la importancia de cada objeto."
102,16,COLECCIONISTA,1,Escribo una reflexión sobre cómo el proceso de coleccionar ha influido en mi apreciación por la historia o la cultura relacionada con los objetos coleccionados.
103,17,COSTURERO,1,"Identifico y uso correctamente las herramientas básicas de costura, como agujas, hilos, tijeras y máquina de coser."
104,17,COSTURERO,1,"Domino técnicas básicas de costura, incluyendo cosido a mano, uso de la máquina de coser y realización de costuras sencillas."
105,17,COSTURERO,1,"Confecciono una prenda simple o un accesorio, como una bolsa, un cojín o un delantal, utilizando las técnicas"
106,17,COSTURERO,1,"Demuestro habilidades en la reparación de prendas, como coser un botón, arreglar un desgarro o ajustar el tamaño de una prenda."
107,17,COSTURERO,1,"Diseño y realizo un proyecto original que muestre mi creatividad y habilidad en la costura, explicando el proceso y la inspiración detrás de mi trabajo."
108,17,COSTURERO,1,"Exploro y aplico prácticas de costura sostenible, como el reciclaje de telas y el uso eficiente de recursos."
109,18,CREADOR,1,Aprendo sobre la importancia de la seguridad en línea y cómo proteger mi información personal cuando creo y comparto contenido.
110,18,CREADOR,1,"Creo un guion o plan para un video o una serie de fotos sobre un tema que me apasione, como un hobby, un deporte, o una actividad educativa."
111,18,CREADOR,1,"Grabo y edito un video corto (máximo 3 minutos) o creo una serie de al menos cinco fotos, utilizando una cámara o un teléfono."
112,18,CREADOR,1,Aprendo a usar herramientas básicas de edición de video o fotos para mejorar la calidad de mi contenido.
113,18,CREADOR,1,"Presento mi video o fotos a mi familia, amigos o grupo y obtengo retroalimentación sobre cómo mejorar mi contenido."
114,18,CREADOR,1,Investigo sobre un creador de contenido famoso y lo que hace para atraer y mantener a su audiencia.
115,18,CREADOR,1,"Reflexiono sobre el impacto positivo que puedo tener al crear contenido responsable y educativo, y cómo puedo seguir desarrollando mis habilidades como creador de contenido."
116,19,ESCRITOR,1,"Escribo una historia corta, un cuento o una fábula original, utilizando mi imaginación y creatividad."
117,19,ESCRITOR,1,"Mantengo un diario durante una semana, escribiendo sobre mis experiencias, pensamientos y sueños."
118,19,ESCRITOR,1,"Leo un libro o un cuento corto y hago una reseña escrita, compartiendo mi opinión sobre la historia y los personajes."
119,19,ESCRITOR,1,"Participo en un taller de escritura creativa, donde aprendo técnicas y consejos para mejorar mi escritura."
120,19,ESCRITOR,1,"Escribo un poema sobre un tema que me inspire, como la naturaleza, la amistad o la familia."
121,19,ESCRITOR,1,Ilustro mi historia o poema con dibujos que ayuden a contar mi relato.
122,19,ESCRITOR,1,"Presento mi historia, poema o diario a mi grupo, familia o amigos y recibo retroalimentación sobre mi trabajo."
123,20,DIBUJANTE,1,"Aprendo sobre los diferentes materiales y herramientas de dibujo, como lápices, crayones, marcadores y papel."
124,20,DIBUJANTE,1,"Realizo al menos cinco dibujos sobre diferentes temas, como la naturaleza, los animales, las personas y los objetos."
125,20,DIBUJANTE,1,"Participo en un taller de dibujo o una clase de arte, aprendiendo técnicas básicas de dibujo y sombreado."
126,20,DIBUJANTE,1,"Investigo y presento sobre un artista famoso y su estilo de dibujo, compartiendo ejemplos de su trabajo."
127,20,DIBUJANTE,1,"Creo una historieta o un cómic corto, utilizando mis habilidades de dibujo para contar una historia."
128,20,DIBUJANTE,1,"Visito una galería de arte, un museo o una exposición de dibujos y comparto lo que aprendí con mi grupo."
129,20,DIBUJANTE,1,"Organizo una pequeña exhibición de mis dibujos para mi familia, amigos o grupo, recibiendo retroalimentación sobre mi trabajo."
130,21,FOTOGRAFO,1,Aprendo sobre las partes básicas de una cámara y cómo usarla de manera segura.
131,21,FOTOGRAFO,1,"Tomo al menos diez fotografías sobre diferentes temas, como la naturaleza, los animales, las personas y los objetos."
132,21,FOTOGRAFO,1,"Participo en un taller de fotografía o una clase de arte, aprendiendo técnicas básicas de composición y enfoque."
133,21,FOTOGRAFO,1,"Investigo y presento sobre un fotógrafo famoso y su estilo de fotografía, compartiendo ejemplos de su trabajo."
134,21,FOTOGRAFO,1,"Creo un álbum o una presentación digital con mis mejores fotos, organizándolas por tema."
135,21,FOTOGRAFO,1,"Visito una galería de arte, un museo o una exposición de fotografía y comparto lo que aprendí con mi grupo."
136,21,FOTOGRAFO,1,"Organizo una pequeña exhibición de mis fotos para mi familia, amigos o grupo, recibiendo retroalimentación sobre mi trabajo."
137,22,FILATELISTA,1,Aprendo qué es la filatelia y por qué las personas coleccionan sellos postales.
138,22,FILATELISTA,1,"Comienzo mi propia colección de sellos, recolectando al menos 20 sellos diferentes."
139,22,FILATELISTA,1,Investigo y presento sobre la historia de un sello postal famoso y su significado.
140,22,FILATELISTA,1,Participo en un intercambio de sellos con otros coleccionistas o en una actividad relacionada con la filatelia.
141,22,FILATELISTA,1,"Organizo y etiqueto mi colección de sellos, aprendiendo a manejar y conservar los sellos adecuadamente."
142,22,FILATELISTA,1,"Visito una exposición filatélica, una tienda de sellos o hablo con un filatelista experimentado y comparto lo que aprendí con mi grupo."
143,22,FILATELISTA,1,"Diseño un sello postal ficticio, incluyendo un dibujo y una breve descripción de su significado."
144,23,FOLKLORE,1,Conozco el origen y características de cinco instrumentos autóctonos de mi región.
145,23,FOLKLORE,1,Conozco las características de las danzas típicas de cada Departamento de mi país.
146,23,FOLKLORE,1,Demuestro que sé bailar adecuadamente una danza típica del país.
147,23,FOLKLORE,1,Conozco 5 grupos folklóricos de mi país.
148,23,FOLKLORE,1,Sé cuales son los cinco compositores folclóricos más importantes de mi país.
149,23,FOLKLORE,1,Sé cuales son las principales costumbres y folklore de mi país.
150,23,FOLKLORE,1,Estoy aprendiendo a hablar alguna lengua autóctona de mi país.
151,24,LECTOR,1,"Leo al menos tres libros de diferentes géneros (cuento, poesía, aventura, ciencia ficción, etc.) y escribo un breve resumen de cada uno."
152,24,LECTOR,1,"Mantengo un diario de lectura durante un mes, registrando los libros que he leído y mis pensamientos sobre ellos."
153,24,LECTOR,1,Participo en un club de lectura o en una actividad de lectura en grupo y comparto mis opiniones sobre los libros leídos.
154,24,LECTOR,1,"Investigo y presento sobre mi autor favorito, incluyendo información sobre su vida y sus obras."
155,24,LECTOR,1,"Escribo y presento una reseña sobre uno de los libros que he leído, explicando por qué me gustó o no me gustó."
156,24,LECTOR,1,"Participo en una actividad de lectura en voz alta, leyendo un cuento o poema a mi familia, amigos o grupo."
157,24,LECTOR,1,"Visito una biblioteca o librería, hablo con el bibliotecario o librero sobre recomendaciones de libros y comparto lo que aprendí con mi manada."
158,25,MARROQUINERO,1,"Aprendo sobre los diferentes tipos de cuero y sus usos, así como sobre las herramientas básicas necesarias para trabajar con cuero."
159,25,MARROQUINERO,1,"Participo en un taller de marroquinería o una clase de manualidades, aprendiendo técnicas básicas de corte y costura del cuero."
160,25,MARROQUINERO,1,"Creo un proyecto simple de cuero, como un llavero, una pulsera o una pequeña bolsa."
161,25,MARROQUINERO,1,Investigo y presento sobre la historia de la marroquinería y su importancia en diferentes culturas.
162,25,MARROQUINERO,1,"Decoro mi proyecto de cuero con técnicas de estampado o pirograbado, aprendiendo a personalizar mis creaciones."
163,25,MARROQUINERO,1,Visito una tienda de artículos de cuero o hablo con un marroquinero y comparto lo que aprendí con mi grupo.
164,26,MUSICO,1,Aprendo sobre los diferentes tipos de instrumentos musicales y sus características.
165,26,MUSICO,1,Elijo un instrumento musical y aprendo a tocar una canción simple.
166,26,MUSICO,1,Participo en una clase de música o un taller donde aprendo técnicas básicas de interpretación.
167,26,MUSICO,1,"Investigo y presento sobre un compositor o músico famoso, compartiendo información sobre su vida y sus obras."
168,26,MUSICO,1,"Toco una canción o pieza musical para mi familia, amigos o grupo, y recibo retroalimentación sobre mi interpretación."
169,26,MUSICO,1,"Participo en una actividad de grupo donde tocamos música juntos, como una banda o un coro."
170,26,MUSICO,1,"Asisto a un concierto o recital y comparto mi experiencia con mi grupo, explicando lo que más me gustó de la presentación."
171,27,NUMIMASTICA,1,Conozco la historia de la numismática y su importancia cultural y económica.
172,27,NUMIMASTICA,1,"Identifico y aprendo sobre al menos cinco monedas de diferentes países, incluyendo sus características y el material del que están hechas."
173,27,NUMIMASTICA,1,"Creo una pequeña colección de monedas y billetes, organizándola y etiquetándola adecuadamente."
174,27,NUMIMASTICA,1,"Investigo y presento sobre una moneda o billete histórico, explicando su importancia y contexto."
175,27,NUMIMASTICA,1,Participo en una actividad de intercambio de monedas o billetes con mis compañeros de manada o en una feria de coleccionistas.
176,27,NUMIMASTICA,1,"Investigo y presento sobre la historia de la moneda en Bolivia y la historia de la Casa de la Moneda de Potosí, destacando su importancia histórica y cultural."
177,28,ORIGAMI,1,"Aprendo sobre la historia y el origen del origami, y cómo ha evolucionado a lo largo del tiempo."
178,28,ORIGAMI,1,"Conozco y practico al menos cinco pliegues básicos de origami, como el pliegue de valle, el pliegue de montaña y el pliegue en zigzag."
179,28,ORIGAMI,1,"Creo al menos cinco figuras diferentes de origami, como un avión, una grulla, una rana, una flor y una caja."
180,28,ORIGAMI,1,Participo en un taller o clase de origami donde aprendo técnicas avanzadas y nuevas figuras.
181,28,ORIGAMI,1,"Investigo y presento sobre un maestro de origami famoso, compartiendo ejemplos de su trabajo."
182,28,ORIGAMI,1,"Utilizo papeles de diferentes colores y texturas para crear una colección de figuras de origami, organizándolas en un álbum o exhibición."
183,28,ORIGAMI,1,"Enseño a mis amigos o familia cómo hacer al menos dos figuras de origami, compartiendo lo que he aprendido."
184,29,PINTURA,1,"Aprendo sobre los diferentes materiales y herramientas de pintura, como pinceles, pinturas acrílicas, acuarelas y lienzos."
185,29,PINTURA,1,"Realizo al menos cinco pinturas sobre diferentes temas, como paisajes, retratos, naturaleza muerta y abstracto."
186,29,PINTURA,1,"Participo en un taller de pintura o una clase de arte, aprendiendo técnicas básicas de mezcla de colores y pinceladas."
187,29,PINTURA,1,"Investigo y presento sobre un pintor famoso y su estilo de pintura, compartiendo ejemplos de su trabajo."
188,29,PINTURA,1,"Visito una galería de arte, un museo o una exposición de pintura y comparto lo que aprendí con mi grupo."
189,29,PINTURA,1,"Creo una pintura colaborativa con mis amigos o familia, trabajando juntos en un mismo lienzo."
190,30,PINTURA,1,"Organizo una pequeña exhibición de mis pinturas para mi familia, amigos o grupo, recibiendo retroalimentación sobre mi trabajo."
191,30,ATLETA,1,Conozco y practico las normas básicas de seguridad y fair play en los deportes.
192,30,ATLETA,1,Elijo al menos dos disciplinas deportivas y aprendo las reglas básicas de cada una.
193,30,ATLETA,1,"Participo en al menos dos actividades o competencias deportivas organizadas por mi manada, escuela o comunidad."
194,30,ATLETA,1,"Establezco una rutina de ejercicios físicos que incluya calentamiento, estiramiento y actividades aeróbicas, y la sigo durante al menos un mes."
195,30,ATLETA,1,"Registro mis progresos en las disciplinas deportivas elegidas, incluyendo tiempos, distancias o puntos, y los comparto con mi manada."
196,30,ATLETA,1,Investigo y presento sobre la importancia de la actividad física para la salud y el bienestar.
197,31,CICLISTA,1,"Conozco y practico las normas básicas de seguridad vial al andar en bicicleta, incluyendo el uso del casco y la señalización con las manos."
198,31,CICLISTA,1,"Aprendo y demuestro cómo realizar un mantenimiento básico de la bicicleta, incluyendo la revisión de frenos, inflado de llantas y ajuste de la cadena."
199,31,CICLISTA,1,"Participo en al menos dos paseos en bicicleta organizados por mi manada, escuela o comunidad."
200,31,CICLISTA,1,"Aprendo y practico técnicas básicas de ciclismo, como el equilibrio, el frenado y el cambio de marchas."
201,31,CICLISTA,1,Investigo y presento sobre la importancia del ciclismo para la salud y el medio ambiente.
202,31,CICLISTA,1,Participo en una actividad de limpieza y mantenimiento de una pista o sendero para bicicletas en mi comunidad.
203,31,CICLISTA,1,"Organizo y participo en una carrera o competencia amistosa de ciclismo con mis compañeros de manada, promoviendo el fair play y la seguridad."
204,32,DEFENSA PERSONAL,1,Conozco 3 distintos tipos de artes marciales.
205,32,DEFENSA PERSONAL,1,Sé que tipo de artes marciales son las más adecuadas para la defensa personal.
206,32,DEFENSA PERSONAL,1,"Un tipo de arte marcial, conozco sus características e historia."
207,32,DEFENSA PERSONAL,1,Sé defenderme efectivamente en por lo menos tres tipos de ataque.
208,32,DEFENSA PERSONAL,1,Conozco e inculco en los demás actitudes de defensa y no de ataque.
209,32,DEFENSA PERSONAL,1,Sé que debo utilizar la defensa personal solo en momentos de peligro.
210,32,DEFENSA PERSONAL,1,Conozco las reglas y normas de seguridad del arte que practico para evitar accidentes.
211,32,DEFENSA PERSONAL,1,Controlo mis impulsos adecuadamente.
212,33,DEPORTISTA,1,Sé cuales son los beneficios de practicar algún deporte.
213,33,DEPORTISTA,1,"Practico habitualmente un deporte de equipo, conozco sus reglas e historia."
214,33,DEPORTISTA,1,Conozco las lesiones más comunes en el deporte que practico.
215,33,DEPORTISTA,1,"Sé en que puede influir la droga, el alcohol y el cigarrillo en el rendimiento de un deportista."
216,33,DEPORTISTA,1,Conozco las diferentes asociaciones deportivas de mi ciudad.
217,33,DEPORTISTA,1,Demuestro que tengo un buen espíritu deportista en las diferentes actividades que realizo.
218,34,ECUESTRE,1,Conozco y practico las normas básicas de seguridad al estar cerca de los caballos y al montar.
219,34,ECUESTRE,1,"Aprendo y demuestro cómo cuidar de un caballo, incluyendo su alimentación, limpieza y revisión de herraduras."
220,34,ECUESTRE,1,"Participo en al menos dos sesiones de equitación, aprendiendo técnicas básicas de montar y controlar al caballo."
221,34,ECUESTRE,1,Aprendo y practico cómo ensillar y desensillar un caballo correctamente.
222,34,ECUESTRE,1,Investigo y presento sobre la historia de la equitación y la importancia de los caballos en diferentes culturas.
223,34,ECUESTRE,1,Participo en una actividad de limpieza y mantenimiento de un establo o área donde se cuidan los caballos.
224,34,ECUESTRE,1,"Organizo y participo en una demostración ecuestre para mi familia o manada, explicando y mostrando las técnicas y cuidados aprendidos."
225,35,NATACION,1,Conozco las reglas de seguridad que se debe tener al nadar o al estar cerca del lugar.
226,35,NATACION,1,Puedo mantenerme a flote tanto de espalda como de frente.
227,35,NATACION,1,"Puedo sumergirme, bucear y mantener la respiración bajo el agua."
228,35,NATACION,1,Conozco las reglas para prevenir accidentes.
229,35,NATACION,1,Conozco los diferentes estilos de natación y nado por lo menos en tres estilos reglamentarios.
230,35,NATACION,1,Nado en cualquier estilo 25 metros sin descanso.
231,35,NATACION,1,Sé lanzarme adecuadamente al agua tanto de cabeza como de pie.
232,35,NATACION,1,Se cuales son las normas de higiene antes y después de nadar.
233,35,NATACION,1,Conozco juegos para divertirme en el agua.
234,36,AMIGO DE MI PAIS,1,Conozco los símbolos patrios de mi país.
235,36,AMIGO DE MI PAIS,1,Conozco las principales características de los 9 departamentos.
236,36,AMIGO DE MI PAIS,1,"Sé algo de la geografía, orografía e hidrografía de mi país."
237,36,AMIGO DE MI PAIS,1,Conozco alguna ciudad de otro departamento y 3 provincias del departamento en que vivo.
238,36,AMIGO DE MI PAIS,1,"Puedo identificar a las principales autoridades de mi país, como ser: Presidente, Vicepresidente, Prefectos, Alcaldes y sé algo de ellos."
239,36,AMIGO DE MI PAIS,1,Conozco los sucesos más sobresalientes de la historia de mi país.
240,36,AMIGO DE MI PAIS,1,Se cual es la división política de mi país.
241,37,AMIGO DEL MUNDO,1,Puedo identificar los continentes del planeta y sé algo de cada uno.
242,37,AMIGO DEL MUNDO,1,"Conozco las características de las organizaciones, instituciones o movimientos a nivel mundial como ser la ONU, UNICEF, UNESCO, etc."
243,37,AMIGO DEL MUNDO,1,"Conozco las características de 5 países como ser: capital, idioma, moneda, bandera, sistema de gobierno, religión, etc."
244,37,AMIGO DEL MUNDO,1,Conozco las características de las cinco empresas más grandes del mundo.
245,37,AMIGO DEL MUNDO,1,Sé cuales son las siete maravillas del mundo y porque se las considera “maravillas”.
246,37,AMIGO DEL MUNDO,1,"Tengo un amigo de otro continente, y conozco algo de su país."
247,38,ANIMADOR DE LA FE,1,Aprendo y explico los principios fundamentales de mi fe y cómo aplicarlos en mi vida diaria.
248,38,ANIMADOR DE LA FE,1,"Participo en al menos dos actividades religiosas o comunitarias, como misas, servicios, reuniones de oración o eventos de caridad."
249,38,ANIMADOR DE LA FE,1,Conozco la vida de Francisco de Asís y presento a mi manada un resumen de su vida y enseñanzas.
250,38,ANIMADOR DE LA FE,1,"Aprendo y demuestro al menos dos oraciones o cánticos de mi fe, compartiéndolos con mi manada o familia."
251,38,ANIMADOR DE LA FE,1,"Organizo y participo en una actividad de servicio comunitario basada en los valores de mi fe, como ayudar en un comedor comunitario o recolectar donaciones para los necesitados."
252,38,ANIMADOR DE LA FE,1,"Investigo y presento sobre una festividad importante de mi fe, explicando su significado y cómo se celebra."
253,39,AVENTURERO URBANO,1,Crear un mapa detallado del barrio señalando lugares de interés histórico o cultural.
254,39,AVENTURERO URBANO,1,Guiar una excursión urbana enfocándose en la seguridad y orientación.
255,39,AVENTURERO URBANO,1,Participar en una búsqueda del tesoro que incluya resolver acertijos sobre la ciudad.
256,39,AVENTURERO URBANO,1,Investigar y presentar la historia de un monumento o lugar histórico local.
257,39,AVENTURERO URBANO,1,"Realizar una actividad que implique el uso de transporte público bajo supervisión, explicando las normas de seguridad."
258,40,BOMBERO,1,"Aprendo y demuestro cómo identificar y usar correctamente los equipos básicos de seguridad contra incendios, como extinguidores y alarmas de humo."
259,40,BOMBERO,1,Participo en una visita a una estación de bomberos para conocer de cerca el trabajo de los bomberos y los equipos que utilizan.
260,40,BOMBERO,1,"Aprendo y demuestro cómo realizar un simulacro de evacuación en caso de incendio, siguiendo las rutas de escape y puntos de reunión."
261,40,BOMBERO,1,Conozco y explico las principales causas de incendios en el hogar y cómo prevenirlos.
262,40,BOMBERO,1,"Participo en una actividad de sensibilización sobre la prevención de incendios, como crear y distribuir folletos informativos en mi escuela o comunidad."
263,40,BOMBERO,1,"Organizo y participo en una demostración de seguridad contra incendios para mi familia o comunidad, mostrando lo que he aprendido sobre prevención y respuesta a incendios."
264,41,BIOSEGURIDAD,1,Aprendo sobre la importancia de la higiene personal y cómo lavarse las manos correctamente para eliminar los gérmenes.
265,41,BIOSEGURIDAD,1,"Participo en una actividad donde aprendo a usar correctamente el equipo de protección personal (EPP), como mascarillas y guantes."
266,41,BIOSEGURIDAD,1,Investigo y presento sobre la importancia de las vacunas y cómo ayudan a protegernos de enfermedades.
267,41,BIOSEGURIDAD,1,"Mantengo un diario durante una semana, registrando las prácticas de higiene que sigo en mi vida diaria y cómo ayudan a mantenerme saludable."
268,41,BIOSEGURIDAD,1,"Aprendo sobre cómo los gérmenes se propagan y las maneras de prevenir la propagación de enfermedades, como el distanciamiento social y la desinfección de superficies."
269,41,BIOSEGURIDAD,1,"Participo en una campaña o proyecto de concienciación sobre la bioseguridad en mi escuela o comunidad, compartiendo lo que he aprendido con otros."
270,42,DEFENSOR DE LA SALUD MENTAL,1,Aprendo sobre emociones básicas y su impacto en nuestro bienestar.
271,42,DEFENSOR DE LA SALUD MENTAL,1,"Practico y enseño técnicas simples de manejo del estrés, como la respiración profunda o la atención plena."
272,42,DEFENSOR DE LA SALUD MENTAL,1,"Organizo o participo en una actividad que promueva el bienestar mental, como un día de juegos al aire libre o una sesión de cuentos."
273,42,DEFENSOR DE LA SALUD MENTAL,1,"Creo materiales de concientización sobre la salud mental para mi escuela o manada, como carteles o una presentación."
274,42,DEFENSOR DE LA SALUD MENTAL,1,Facilito o participo en un diálogo grupal sobre la importancia de cuidar nuestra salud mental y compartir nuestras experiencias y emociones.
275,43,DEFENSOR DEL PLANETA,1,Participar en una actividad de reciclaje y explicar los diferentes tipos de materiales reciclables.
276,43,DEFENSOR DEL PLANETA,1,Crear y cuidar un pequeño compost durante un mes.
277,43,DEFENSOR DEL PLANETA,1,Realizar un proyecto de arte usando materiales reciclados.
278,43,DEFENSOR DEL PLANETA,1,Visitar un centro de reciclaje o planta de tratamiento y compartir la experiencia con la manada.
279,43,DEFENSOR DEL PLANETA,1,Plantar y cuidar un árbol o una planta en casa o en la escuela.
280,44,CIVISMO,1,Sé cual es la historia y los procesos que tuvieron la bandera y el escudo nacional.
281,44,CIVISMO,1,Conozco las banderas y escudos de cinco departamentos.
282,44,CIVISMO,1,"Sé cuales son los símbolos patrios de mi país, los respeto y busco datos interesantes sobre ellos."
283,44,CIVISMO,1,Sé quienes son los autores del himno nacional y puedo cantar todas las estrofas.
284,44,CIVISMO,1,Conozco los himnos de dos departamentos y el himno a la madre o a la bandera.
285,44,CIVISMO,1,"Sé cuando, donde y quienes firmaron el Acta de la Independencia y conozco las causas."
286,44,CIVISMO,1,"Conozco la historia de Bolivia, así como la vida de los personajes más importantes de la independencia."
287,45,COCINERO,1,Conozco las normas básicas de seguridad e higiene en la cocina y las aplico mientras cocino.
288,45,COCINERO,1,Identifico y uso correctamente los utensilios y electrodomésticos básicos de cocina.
289,45,COCINERO,1,"Preparo al menos tres recetas sencillas, incluyendo una para el desayuno, una para el almuerzo y una para la cena."
290,45,COCINERO,1,Investigo y explico la importancia de una alimentación equilibrada y saludable.
291,45,COCINERO,1,Ayudo a planificar y preparar un menú para una comida familiar o una actividad de la manada.
292,45,COCINERO,1,"Aprendo y demuestro al menos dos técnicas básicas de cocina, como cortar vegetales y batir huevos."
293,45,COCINERO,1,"Organizo y participo en una actividad de cocina con mis compañeros de manada, preparando una receta y compartiéndola con el grupo."
294,46,EDUCADOR VIAL,1,Conozco las principales señales de tránsito y su significado.
295,46,EDUCADOR VIAL,1,"Aprendo y demuestro las normas básicas de seguridad vial para peatones, ciclistas y pasajeros."
296,46,EDUCADOR VIAL,1,Participo en una actividad de observación de tránsito en mi comunidad y registro mis observaciones sobre el comportamiento de los usuarios de la vía.
297,46,EDUCADOR VIAL,1,Diseña un cartel o folleto sobre la importancia de la seguridad vial y distribúyelo en tu escuela o comunidad.
298,46,EDUCADOR VIAL,1,"Organizo y llevo a cabo una actividad educativa sobre seguridad vial con mi manada o en mi escuela, incluyendo juegos y simulaciones."
299,46,EDUCADOR VIAL,1,Investigo y presento sobre la importancia del uso del cinturón de seguridad y otros dispositivos de seguridad en los vehículos.
300,47,GUARDIAN DE LA SALUD,1,Diseñar un diario de alimentos para una semana y discutir su valor nutricional.
301,47,GUARDIAN DE LA SALUD,1,Organizar y participar en un evento deportivo simple.
302,47,GUARDIAN DE LA SALUD,1,Aprender y demostrar dos técnicas de relajación y discutir sus beneficios.
303,47,GUARDIAN DE LA SALUD,1,Identificar y realizar ejercicios de estiramiento adecuados para niños.
304,47,GUARDIAN DE LA SALUD,1,Preparar y compartir una receta saludable con la manada.
305,48,GUIA,1,Soy capaz de dar indicaciones de algún lugar en forma cortés.
306,48,GUIA,1,Conozco bien mi barrio y mi ciudad.
307,48,GUIA,1,"Conozco las direcciones y teléfonos de urgencia como la policía, bomberos, ambulancias, etc."
308,48,GUIA,1,"Conozco las direcciones más cercanas de teléfonos públicos, farmacias, clínicas u hospitales, policía, gasolineras, etc."
309,48,GUIA,1,Conozco cinco lugares de interés turístico y cinco de interés histórico de mi ciudad.
310,48,GUIA,1,"Conozco todo lo característico de mi departamento como danzas, trajes y platos típicos donde encontrarlos."
311,49,GERENTE DE HOGAR,1,Ayudo en las principales tareas hogareñas como la limpieza y el orden.
312,49,GERENTE DE HOGAR,1,"Sé como hacer la cama, barrer y sacudir un cuarto."
313,49,GERENTE DE HOGAR,1,"Conozco y practico algunas formas de limpiar ventanas, lavar trastos de cocina y eliminar grasas."
314,49,GERENTE DE HOGAR,1,Mantengo en orden mis pertenencias sin esperar que me lo pidan.
315,49,GERENTE DE HOGAR,1,"Ayudo a mantener el orden en los jugares en que me encuentro: Casa, escuela, manada, etc."
316,49,GERENTE DE HOGAR,1,"Soy capaz de pintar paredes, barnizar muebles, colocar vidrios, cambiar focos, destapar un caño obstruido, y podar árboles."
317,50,PRIMEROS AUXILIOS,1,"Conozco y puedo aplicar las técnicas básicas de primeros auxilios, incluyendo la evaluación de la escena y la víctima."
318,50,PRIMEROS AUXILIOS,1,Conozco las tecnicas de reanimación cardiopulmonar (RCP) y sé como actuar en caso de una emergencia cardíaca.
319,50,PRIMEROS AUXILIOS,1,"Sé cómo tratar cortes, raspaduras, quemaduras y controlar hemorragias usando el equipo apropiado de un botiquín de primeros auxilios."
320,50,PRIMEROS AUXILIOS,1,Puedo inmovilizar fracturas y lesiones musculares o articulares de manera efectiva para prevenir daños adicionales antes de que llegue ayuda médica.
321,50,PRIMEROS AUXILIOS,1,"Tengo conocimiento y habilidades para manejar situaciones específicas como envenenamiento, ataques de asma, y reacciones alérgicas graves."
322,50,PRIMEROS AUXILIOS,1,"Participo en un simulacro de emergencia, aplicando mis conocimientos y habilidades en un escenario controlado para evaluar mi preparación y capacidad de respuesta."
323,51,PROMOTOR DE LA PAZ,1,"Conozco la vida, ideales, etc. de tres personas que promovieron la paz en el mundo."
324,51,PROMOTOR DE LA PAZ,1,Conozco la declaración universal de los derechos humanos y los derechos de la niñez.
325,51,PROMOTOR DE LA PAZ,1,Se de tres acontecimientos que promovieron la paz mundial y de tres que fueron en contra.
326,51,PROMOTOR DE LA PAZ,1,Sé quienes ganaron los últimos tres premios Nóbel a la paz.
327,51,PROMOTOR DE LA PAZ,1,"Conozco las funciones de la ONU, y sus dependencias en pro de la paz mundial."
328,51,PROMOTOR DE LA PAZ,1,Sé lo que es la UNESCO y cual es su propósito.
329,52,RECICLADOR,1,"Entiendo los principios básicos del reciclaje, incluyendo la separación de materiales y el proceso de reciclado para diferentes tipos de residuos."
330,52,RECICLADOR,1,"Organizo o participo en una iniciativa de reciclaje en mi escuela o comunidad, documentando el proceso y el impacto."
331,52,RECICLADOR,1,"Diseño y creo al menos dos objetos útiles a partir de materiales reciclados, demostrando creatividad y técnica."
332,52,RECICLADOR,1,Visito un centro de reciclaje local para aprender sobre el manejo profesional de residuos y cómo se procesan los materiales reciclables.
333,52,RECICLADOR,1,"Desarrollo y presento una sesión informativa o taller sobre la importancia del reciclaje y técnicas efectivas, dirigido a otros 1 o miembros de la comunidad."
334,52,RECICLADOR,1,"Reflexiono sobre mis hábitos personales relacionados con el consumo y el reciclaje, y establezco metas para mejorar mi impacto ambiental."
335,53,ACUARISTA,1,Mantengo en casa un acuario bien conformado.
336,53,ACUARISTA,1,"Conozco 10 especies de peces tropicales, 5 peces de agua fría y 5 plantas acuáticas."
337,53,ACUARISTA,1,Puedo diferenciar los peces ovíparos de los vivíparos.
338,53,ACUARISTA,1,"Ayudo a montar un acuario, seleccionando el equipo necesario (filtro, calentador, iluminación) y los decorativos adecuados."
339,53,ACUARISTA,1,Puedo preparar alimentos alternativos.
340,53,ACUARISTA,1,Sé cuales son las enfermedades más importantes que les pueden dar y porque.
341,53,ACUARISTA,1,"Conozco los cuidados de alimentación, tipo de agua y temperatura que deben tener mis peces."
342,54,ACECHADOR,1,Conozco y practico las normas básicas de seguridad y respeto al realizar actividades de acecho.
343,54,ACECHADOR,1,Aprendo y demuestro al menos tres técnicas de camuflaje y movimiento silencioso en la naturaleza.
344,54,ACECHADOR,1,"Observo y registro el comportamiento de al menos cinco animales diferentes en su hábitat natural, sin ser detectado."
345,54,ACECHADOR,1,Identifico y describo al menos cinco plantas diferentes encontradas durante mis actividades de acecho.
346,54,ACECHADOR,1,"Participo en una actividad nocturna de acecho con mi manada, utilizando técnicas de sigilo y observación."
347,54,ACECHADOR,1,"Diseña y realiza un recorrido de acecho en un área natural, señalando los lugares clave para observar la fauna y flora sin ser visto."
348,55,AVICULTOR,1,Conozco e identifico al menos cinco especies diferentes de aves domésticas y sus características.
349,55,AVICULTOR,1,Aprendo sobre la alimentación adecuada para las aves y preparo un plan de alimentación para las especies que cuido.
350,55,AVICULTOR,1,Conozco y practico las normas básicas de higiene y seguridad en el cuidado de aves.
351,55,AVICULTOR,1,"Ayudo a mantener limpio y seguro el hábitat de las aves, incluyendo la limpieza de jaulas o aviarios."
352,55,AVICULTOR,1,"Observo y registro el comportamiento de las aves, prestando atención a su salud y bienestar."
353,55,AVICULTOR,1,"Diseña y construye un juguete o elemento de enriquecimiento para el hábitat de las aves, asegurándote de que sea seguro y beneficioso para ellas."
354,56,CABUYERIA,1,Conozco y practico las normas básicas de seguridad al trabajar con cuerdas.
355,56,CABUYERIA,1,"Aprendo y demuestro al menos cinco nudos básicos, incluyendo el nudo llano, el nudo de ocho, el nudo de rizo, el nudo de pescador y el nudo de as de guía."
356,56,CABUYERIA,1,"Realizo al menos dos proyectos prácticos que utilicen los nudos aprendidos, como la construcción de una estructura simple o la creación de una cuerda de rescate."
357,56,CABUYERIA,1,Aprendo y practico el enrollado y almacenamiento adecuado de cuerdas para evitar enredos y daños.
358,56,CABUYERIA,1,Participo en una actividad de competencia amistosa de nudos con mis compañeros de manada.
359,56,CABUYERIA,1,Investigo y presento sobre la historia y el uso de los nudos en diferentes culturas y profesiones.
360,57,CAMPISTA,1,Conozco y practico las normas básicas de seguridad y respeto al acampar.
361,57,CAMPISTA,1,Aprendo y demuestro cómo montar y desmontar una carpa con la ayuda de mis compañeros de manada o bajo la supervisión de un adulto.
362,57,CAMPISTA,1,"Preparo una mochila adecuada para un campamento, incluyendo ropa, alimentos, agua y equipo necesario."
363,57,CAMPISTA,1,Participo en una actividad de acantonamiento con mi manada.
364,57,CAMPISTA,1,"Aprendo y practico cómo organizar y mantener un área de cocina en el campamento, incluyendo la preparación de alimentos sencillos."
365,57,CAMPISTA,1,"Participo en una caminata o exploración durante el campamento, observando y registrando la flora y fauna del lugar."
366,58,ECOLOGISTA,1,Sé cuales son las funciones que desempeña un ecologista y practico una de ellas.
367,58,ECOLOGISTA,1,Conozco las organizaciones de protección al medio ambiente de mi país y las 3 principales del mundo.
368,58,ECOLOGISTA,1,Conozco la flora y fauna de mi país.
369,58,ECOLOGISTA,1,"Mantengo siempre limpios los lugares que visito ya sea con mi familia, la escuela o a la manda."
370,58,ECOLOGISTA,1,"Impulso en mi familia, la escuela y en la manada a realizar actividades para cuidar el medio ambiente."
371,58,ECOLOGISTA,1,Sé lo que son los ecoclubs y a que se dedican.
372,58,ECOLOGISTA,1,Participo activamente de la campaña “A LIMPIAR EL MUNDO”
373,59,ENTOMOLOGO,1,"Conozco la diferencia de insectos benéficos y perjudiciales, puedo dar varios ejemplos."
374,59,ENTOMOLOGO,1,Se cual es la forma de clasificación de los insectos y sus fundamentos.
375,59,ENTOMOLOGO,1,Tengo un insectario que elabore yo mismo en óptimas condiciones con por lo menos 20 especies distintas de las cuales puedo explicar sus características y hábitos.
376,59,ENTOMOLOGO,1,"Sé que es la metamorfosis, he observado y tomado abundantes de una. (Ej. mariposa, mosca, escarabajo)"
377,59,ENTOMOLOGO,1,"Durante un campamento, acantonamiento o excursión, hice una colecta de insectos para aumentar mi insectario."
378,60,EXCURSIONISTA,1,Conozco y practico las normas básicas de seguridad y respeto al realizar excursiones.
379,60,EXCURSIONISTA,1,"Aprendo y demuestro cómo preparar una mochila adecuada para una excursión, incluyendo agua, alimentos, ropa adecuada y equipo necesario."
380,60,EXCURSIONISTA,1,"Participo en al menos dos excursiones con mi manada, cada una de al menos una hora de duración, registrando mis observaciones sobre la flora y fauna que encuentro."
381,60,EXCURSIONISTA,1,"Aprendo y practico al menos dos métodos básicos de orientación, como el uso de una brújula y la lectura de un mapa simple."
382,60,EXCURSIONISTA,1,"Organizo y participo en una actividad de limpieza de un sendero o área natural, recogiendo basura y aprendiendo sobre la importancia de dejar el lugar mejor de lo que lo encontramos."
383,61,FORESTAL,1,Conozco e identifico al menos cinco especies de árboles y plantas comunes en mi región.
384,61,FORESTAL,1,"Aprendo sobre la importancia de los bosques para el medio ambiente, incluyendo su papel en la producción de oxígeno y el hábitat para la vida silvestre."
385,61,FORESTAL,1,Participo en al menos dos actividades de plantación de árboles o mantenimiento de áreas verdes en mi comunidad.
386,61,FORESTAL,1,"Aprendo y practico cómo cuidar un árbol joven, incluyendo el riego, la protección y el seguimiento de su crecimiento."
387,61,FORESTAL,1,Investigo y presento sobre una especie de árbol o planta en peligro de extinción en mi región y cómo podemos ayudar a protegerla.
388,61,FORESTAL,1,"Participo en una caminata por el bosque con mi manada, observando y registrando la flora y fauna que encuentro."
389,62,HORTICULTOR,1,Conozco y practico las normas básicas de seguridad e higiene al trabajar en el jardín.
390,62,HORTICULTOR,1,"Identifico y aprendo sobre al menos cinco tipos de plantas que se pueden cultivar en mi región, incluyendo flores, frutas y verduras."
391,62,HORTICULTOR,1,"Preparo un pequeño jardín o huerto en casa o en la escuela, eligiendo un lugar adecuado, preparando el suelo y plantando semillas o plantas."
392,62,HORTICULTOR,1,"Aprendo y demuestro cómo cuidar de las plantas, incluyendo el riego, la fertilización y el control de plagas de manera natural."
393,62,HORTICULTOR,1,"Participo en al menos dos actividades de recolección de frutos o verduras en mi huerto, aprendiendo sobre el momento adecuado para la cosecha."
394,62,HORTICULTOR,1,Investigo y presento sobre la importancia de la horticultura para el medio ambiente y la alimentación saludable.
395,63,JARDINERO,1,Conozco y practico las normas básicas de seguridad e higiene al trabajar en el jardín.
396,63,JARDINERO,1,"Identifico y aprendo sobre al menos cinco tipos de plantas ornamentales comunes en mi región, incluyendo flores y arbustos."
397,63,JARDINERO,1,"Diseña un pequeño jardín ornamental, eligiendo las plantas adecuadas y organizándolas de manera atractiva."
398,63,JARDINERO,1,"Aprendo y demuestro cómo cuidar de las plantas ornamentales, incluyendo el riego, la poda y el control de plagas de manera natural."
399,63,JARDINERO,1,"Participo en al menos dos actividades de embellecimiento del jardín, como la plantación de flores y la colocación de decoraciones."
400,63,JARDINERO,1,Investigo y presento sobre la importancia de los jardines ornamentales para la biodiversidad y el bienestar humano.
401,64,PIONERIAS,1,He obtenido mi especialidad de cabuyería.
402,64,PIONERIAS,1,"Se hacer uso correcto de dos nudos y los amarres cuadrado, redondo, diagonal y trípode y las herramientas necesarias."
403,64,PIONERIAS,1,Realizo sin dificultad 3 anclajes diferentes.
404,64,PIONERIAS,1,"Puedo construir correctamente con cañahuecas, un basurero, un porta zapatos, un porta pañoletas, un tendedero y un lavaplatos utilizando los amarres correctos."
405,64,PIONERIAS,1,He apoyado a que mi cubil se vea mejor y este mas ordenado realizando algunas construcciones ya sea en un acantonamiento o campamento.
406,65,TRANSMISIONISTA,1,"Aprendo y demuestro cómo utilizar al menos tres métodos de transmisión de mensajes cifrados, como la clave Eucalipto, la clave Murciélago y la clave Tip Top."
407,65,TRANSMISIONISTA,1,Aprendo a usar el código Morse y demuestro cómo enviar y recibir mensajes simples utilizando este código.
408,65,TRANSMISIONISTA,1,"Construyo y utilizo un sistema simple de comunicación, como un teléfono de cuerda o señales visuales, para transmitir mensajes cifrados a corta distancia."
409,65,TRANSMISIONISTA,1,"Participo en una actividad grupal de transmisión de mensajes cifrados con mi manada, utilizando diferentes métodos de comunicación."
410,65,TRANSMISIONISTA,1,Investigo y presento sobre la historia y la importancia de la transmisión de mensajes cifrados en diferentes culturas y épocas.
411,65,TRANSMISIONISTA,1,"Participo en un juego o competencia de transmisión de mensajes cifrados, aplicando los métodos aprendidos."
412,66,AEROMODELISTA,2,"Fundamentos de Aerodinámica: Explora los principios básicos de la aerodinámica, aprendiendo cómo las fuerzas como la gravedad, el empuje, la resistencia y la elevación afectan el vuelo."
413,66,AEROMODELISTA,2,"Construcción de Modelos: Construye dos tipos de modelos de aeronaves, un planeador y un modelo propulsado, utilizando técnicas seguras y materiales adecuados."
414,66,AEROMODELISTA,2,"Simulaciones de Vuelo: Utiliza software de simulación para diseñar y modificar modelos de aeronaves, entendiendo cómo los cambios en el diseño pueden afectar su desempeño en vuelo."
415,66,AEROMODELISTA,2,"Pruebas de Vuelo: Realiza vuelos de prueba con los modelos construidos, evaluando su desempeño y realizando ajustes basados en los resultados observados."
416,66,AEROMODELISTA,2,"Competencia de Aeromodelismo: Participa en una competencia de aeromodelismo, aplicando tus habilidades y compartiendo experiencias con otros entusiastas del modelismo aéreo."
417,66,AEROMODELISTA,2,"Proyecto Innovador: Desarrolla un proyecto que incorpore elementos innovadores, como el uso de materiales reciclados o la integración de tecnología de energía renovable en tus modelos."
418,67,ARQUITECTO,2,"Introducción a la Arquitectura: Explora los conceptos básicos de la arquitectura, incluyendo diferentes estilos arquitectónicos y su función en la sociedad."
419,67,ARQUITECTO,2,Dibujo Básico y Maquetas: Dibuja un boceto simple de tu habitación o de un lugar que te guste y construye una pequeña maqueta usando materiales simples como cartón y pegamento.
420,67,ARQUITECTO,2,Visita Virtual o Real: Realiza una visita virtual o presencial a un edificio interesante en tu comunidad y describe qué te gusta y qué mejorarías de su diseño.
421,67,ARQUITECTO,2,"Proyecto de Diseño Sencillo: Diseña un pequeño espacio, como un jardín, una zona de juegos o una nueva disposición para una sala de clase, pensando en cómo hacerlo cómodo y atractivo."
422,67,ARQUITECTO,2,Uso de Software de Diseño Básico: Experimenta con una herramienta de diseño arquitectónico en línea gratuita para hacer un diseño simple y verlo en 3D.
423,67,ARQUITECTO,2,Discusión sobre Arquitectura Sostenible: Aprende sobre cómo la arquitectura puede ayudar al medio ambiente y propón una idea para hacer que los edificios sean más verdes.
424,68,ASTRÓNOMO,2,"Conceptos Básicos de Astronomía: Aprendo sobre los principales objetos celestes, como estrellas, planetas, cometas y galaxias, y cómo se mueven en el cielo."
425,68,ASTRÓNOMO,2,"Uso de un Telescopio: Aprendo a montar y usar un telescopio sencillo, observando al menos tres cuerpos celestes y registrando mis observaciones."
426,68,ASTRÓNOMO,2,"Mapa Estelar: Creo un mapa estelar básico del cielo nocturno de mi localidad, identificando y marcando constelaciones importantes."
427,68,ASTRÓNOMO,2,"Fases de la Luna: Observo y documento las fases de la Luna durante un mes, describiendo cómo cambia su apariencia desde mi observación."
428,68,ASTRÓNOMO,2,"Proyecto de Investigación: Elijo un tema de interés relacionado con la astronomía (como los agujeros negros, las estrellas de neutrones o los exoplanetas) y realizo una pequeña investigación, presentando mis hallazgos en forma de presentación o póster."
429,68,ASTRÓNOMO,2,"Noche de Observación: Organizo o participo en una noche de observación astronómica con mi grupo, compartiendo conocimientos y utilizando diferentes herramientas para explorar el cielo."
430,69,COMPUTACIÓN,2,"Conocimiento de Hardware: Identifico y explico las funciones de las principales partes de una computadora, incluyendo el procesador, la memoria, el disco duro y los periféricos."
431,69,COMPUTACIÓN,2,"Uso de Software Básico: Demuestro habilidades en el uso de aplicaciones básicas de productividad, como procesadores de texto, hojas de cálculo y programas de presentaciones."
432,69,COMPUTACIÓN,2,"Introducción a la Programación: Utilizo una plataforma de programación visual como Scratch para crear un pequeño proyecto interactivo, como un juego o una animación."
433,69,COMPUTACIÓN,2,"Seguridad en Internet: Conozco y practico las reglas básicas de seguridad en línea, incluyendo la creación de contraseñas seguras, la protección de información personal y la identificación de sitios web seguros."
434,69,COMPUTACIÓN,2,"Resolución de Problemas Informáticos: Aprendo y aplico técnicas básicas para solucionar problemas comunes de hardware y software, como la conexión de dispositivos, la instalación de programas y la resolución de errores."
435,69,COMPUTACIÓN,2,"Proyecto de Innovación Digital: Desarrollo un proyecto digital que combine varias habilidades aprendidas, como un blog, un sitio web simple o una aplicación básica, y presento el proyecto a mi grupo."
436,70,CONSTRUCTOR,2,"Conocimiento de Herramientas: Identifico y explico el uso adecuado de las herramientas básicas de construcción, como martillos, sierras, taladros y niveles."
437,70,CONSTRUCTOR,2,"Proyecto de Carpintería Básica: Diseño y construyo un proyecto sencillo de carpintería, como una caja, un estante o un taburete, utilizando técnicas seguras y materiales adecuados."
438,70,CONSTRUCTOR,2,"Seguridad en el Taller: Aprendo y practico las normas de seguridad en el uso de herramientas y en el taller, incluyendo el uso de equipo de protección personal y el mantenimiento de un área de trabajo ordenada."
439,70,CONSTRUCTOR,2,"Construcción de una Estructura Pequeña: Colaboro con otros 2 para diseñar y construir una estructura pequeña, como un cobertizo, una casa para pájaros o una caseta para el jardín."
440,70,CONSTRUCTOR,2,"Proyecto de Renovación o Reparación: Participo en un proyecto de renovación o reparación, aprendiendo técnicas para restaurar o mejorar una estructura existente, como pintar, reparar una cerca o instalar una estantería."
441,70,CONSTRUCTOR,2,"Innovación en Construcción: Investigo y presento nuevas técnicas o materiales de construcción sostenibles, como el uso de bambú, materiales reciclados o métodos de construcción ecológica."
442,71,ELECTRICISTA,2,"Conceptos Básicos de Electricidad: Aprendo sobre los conceptos básicos de electricidad, incluyendo corriente, voltaje y resistencia, y cómo estos principios se aplican en circuitos eléctricos."
443,71,ELECTRICISTA,2,Herramientas y Seguridad: Identifico y explico el uso adecuado de las herramientas básicas de electricidad y las normas de seguridad esenciales al trabajar con electricidad.
444,71,ELECTRICISTA,2,"Construcción de Circuitos Simples: Diseño y construyo al menos tres circuitos eléctricos simples, como un circuito en serie, un circuito en paralelo y un circuito con interruptor."
445,71,ELECTRICISTA,2,"Proyecto Eléctrico Básico: Realizo un proyecto eléctrico sencillo, como una lámpara de escritorio, una alarma básica o un dispositivo que funcione con baterías, siguiendo un esquema y aplicando técnicas seguras."
446,71,ELECTRICISTA,2,"Diagnóstico y Reparación: Aprendo y aplico técnicas básicas para diagnosticar y reparar problemas comunes en circuitos eléctricos, como cortocircuitos o conexiones sueltas."
447,71,ELECTRICISTA,2,"Energía Sostenible: Investigo y presento un proyecto sobre energías renovables y cómo se pueden aplicar en sistemas eléctricos, como paneles solares o generadores eólicos."
448,72,FOTÓGRAFO,2,"Conocimiento de la Cámara: Aprendo las funciones básicas de una cámara digital o de un smartphone, incluyendo el enfoque, la exposición y el balance de blancos."
449,72,FOTÓGRAFO,2,"Composición Fotográfica: Practico los principios de composición fotográfica, como la regla de los tercios, el encuadre y el uso de la luz natural y artificial."
450,72,FOTÓGRAFO,2,"Proyecto de Fotografía Temática: Realizo un proyecto fotográfico centrado en un tema específico, como la naturaleza, la vida urbana o los retratos, creando una serie coherente de al menos cinco fotos."
451,72,FOTÓGRAFO,2,"Edición de Imágenes: Utilizo software de edición de fotos para mejorar y ajustar mis imágenes, experimentando con herramientas como el recorte, la corrección de color y los filtros."
452,72,FOTÓGRAFO,2,"Cuidado del Equipo Fotográfico: Aprendo y practico métodos adecuados para el mantenimiento y cuidado del equipo fotográfico, asegurando su durabilidad y funcionamiento óptimo."
453,72,FOTÓGRAFO,2,"Exposición de Fotografía: Organizo una pequeña exposición de mis mejores fotografías para mi grupo, escuela o comunidad, explicando el proceso creativo detrás de cada imagen."
454,73,GAMER,2,"Historia de los Videojuegos: Investigo y presento un informe sobre la evolución de los videojuegos, destacando juegos clave y avances tecnológicos importantes."
455,73,GAMER,2,"Análisis de Juegos: Analizo y discuto las mecánicas y estrategias de al menos tres géneros diferentes de videojuegos, como juegos de estrategia, aventura y deportes."
456,73,GAMER,2,"Creación de un Mini-juego: Utilizo una plataforma de programación visual, como Scratch o Tynker, para diseñar y crear un mini-juego, demostrando creatividad y comprensión de la lógica de los juegos."
457,73,GAMER,2,"Juego Responsable: Desarrollo y sigo un plan personal para el juego responsable, que incluye horarios definidos para jugar, descansos frecuentes y el balance con otras actividades como el estudio y el ejercicio."
458,73,GAMER,2,"Participación en un Evento de Juegos: Organizo o participo en una actividad de juegos con amigos o mi manada, practicando el juego limpio y la deportividad, y discutiendo después sobre la experiencia y lo que cada uno aprendió sobre el trabajo en equipo y el respeto a los demás."
459,73,GAMER,2,"Reflexión sobre el Impacto del Juego: Escribo sobre cómo los videojuegos afectan mi vida y cómo puedo usarlos de manera que beneficien mi desarrollo personal y social, reflexionando sobre sus efectos positivos y negativos."
460,74,QUÍMICO,2,"Conceptos Básicos de Química: Aprendo sobre los conceptos fundamentales de la química, incluyendo los estados de la materia, átomos, moléculas y reacciones químicas."
461,74,QUÍMICO,2,"Seguridad en el Laboratorio: Conozco y practico las normas de seguridad en el laboratorio, incluyendo el uso adecuado de equipos de protección personal y el manejo seguro de sustancias químicas."
462,74,QUÍMICO,2,"Realización de Experimentos Simples: Realizo al menos tres experimentos químicos simples, como la creación de cristales, una reacción de bicarbonato de sodio y vinagre, y un experimento de cambio de color usando indicadores."
463,74,QUÍMICO,2,"Proyecto de Investigación: Investigo y presento un proyecto sobre un tema de química que me interese, como la química de los alimentos, los materiales plásticos o la química ambiental."
464,74,QUÍMICO,2,"Aplicaciones de la Química en la Vida Diaria: Identifico y explico cómo la química se aplica en la vida cotidiana, describiendo al menos tres ejemplos prácticos, como la cocina, los productos de limpieza y la medicina."
465,74,QUÍMICO,2,"Participación en una Actividad Química Comunitaria: Participo en una actividad comunitaria que implique la química, como una feria de ciencias, un taller educativo o una campaña de concienciación sobre el reciclaje y el manejo de residuos químicos."
466,75,METEORÓLOGO,2,"Conceptos Básicos de Meteorología: Aprendo sobre los elementos fundamentales del clima, incluyendo temperatura, presión atmosférica, humedad, vientos y precipitaciones."
467,75,METEORÓLOGO,2,"Observación del Clima: Registro observaciones diarias del clima durante al menos dos semanas, anotando la temperatura, la humedad, el tipo de nubes y otros fenómenos meteorológicos."
468,75,METEORÓLOGO,2,"Construcción y Uso de Instrumentos Meteorológicos: Construyo y utilizo instrumentos meteorológicos simples, como un termómetro, un barómetro y un anemómetro, para medir y registrar datos climáticos."
469,75,METEORÓLOGO,2,Elaboración de un Pronóstico del Tiempo: Utilizo los datos recogidos y la observación del clima para elaborar un pronóstico del tiempo a corto plazo para mi área local.
470,75,METEORÓLOGO,2,"Proyecto de Investigación sobre Fenómenos Meteorológicos: Investigo un fenómeno meteorológico específico, como huracanes, tornados o el efecto invernadero, y presento mis hallazgos a mi grupo."
471,75,METEORÓLOGO,2,"Participación en una Actividad de Concienciación Climática: Participo en una actividad comunitaria que promueva la concienciación sobre el cambio climático y sus efectos, como una campaña de plantación de árboles o un taller educativo."
472,76,MECÁNICO,2,"Conceptos Básicos de Mecánica: Aprendo sobre los principios fundamentales de la mecánica, incluyendo el funcionamiento de motores de combustión interna y las principales partes de un vehículo."
473,76,MECÁNICO,2,Herramientas y Seguridad: Identifico y explico el uso adecuado de las herramientas básicas de mecánica y practico las normas de seguridad esenciales al trabajar con vehículos y maquinaria.
474,76,MECÁNICO,2,"Mantenimiento Básico del Vehículo: Realizo tareas de mantenimiento básico, como cambiar el aceite, revisar y ajustar los niveles de líquidos, y verificar la presión de los neumáticos."
475,76,MECÁNICO,2,"Diagnóstico de Problemas Comunes: Aprendo a diagnosticar y solucionar problemas mecánicos comunes, como una batería descargada, frenos desgastados o luces defectuosas."
476,76,MECÁNICO,2,"Proyecto de Reparación: Participo en un proyecto de reparación, ayudando a reparar o restaurar una parte específica de un vehículo, como el sistema de frenos, el sistema de dirección o el sistema eléctrico."
477,76,MECÁNICO,2,"Innovación y Sostenibilidad: Investigo y presento sobre nuevas tecnologías en mecánica y automoción que promuevan la sostenibilidad, como los vehículos eléctricos, híbridos y las prácticas de mantenimiento ecológico."
478,77,REDES SOCIALES,2,"Conocimiento de las Redes Sociales: Aprendo sobre las principales redes sociales (como Instagram, Twitter, TikTok y Facebook), sus características y cómo se utilizan de manera efectiva."
479,77,REDES SOCIALES,2,"Seguridad y Privacidad en Línea: Conozco y practico las normas básicas de seguridad en línea, incluyendo la creación de contraseñas seguras, la protección de información personal y la configuración de privacidad en las plataformas sociales."
480,77,REDES SOCIALES,2,"Creación de Contenido Atractivo: Diseño y creo contenido visual y textual atractivo para una red social, aprendiendo a utilizar herramientas de edición de fotos y videos."
481,77,REDES SOCIALES,2,"Planificación y Publicación de Contenidos: Desarrolla un calendario de contenidos para una semana, planificando qué publicar y cuándo, para mantener una presencia en línea activa y organizada."
482,77,REDES SOCIALES,2,"Campaña de Impacto Positivo: Organizo una campaña en redes sociales para promover una causa positiva en mi comunidad, como el reciclaje, la salud mental o la solidaridad, y analizo los resultados obtenidos."
483,77,REDES SOCIALES,2,"Reflexión sobre el Uso Responsable de las Redes Sociales: Reflexiono sobre cómo el uso de las redes sociales puede afectar mi vida y la de los demás, escribiendo sobre las ventajas y desafíos de las plataformas sociales y proponiendo maneras de utilizarlas de forma saludable y constructiva."
484,78,ROBOTICA,2,"Fundamentos de Robótica: Aprendo sobre los componentes básicos de un robot, incluyendo sensores, actuadores, controladores y fuentes de energía."
485,78,ROBOTICA,2,Herramientas y Seguridad: Identifico y explico el uso adecuado de herramientas básicas de construcción y practico las normas de seguridad al trabajar con componentes electrónicos y mecánicos.
486,78,ROBOTICA,2,"Diseño y Construcción de un Robot Simple: Diseño y construyo un robot simple utilizando un kit de robótica educativo, asegurándome de que pueda realizar una tarea básica, como moverse en línea recta o evitar obstáculos."
487,78,ROBOTICA,2,"Programación de Robots: Utilizo una plataforma de programación visual, como Blockly o Scratch, para programar mi robot y enseñarle a realizar tareas específicas."
488,78,ROBOTICA,2,"Proyecto de Innovación en Robótica: Desarrollo un proyecto de robótica que combine varias habilidades aprendidas, como la creación de un robot que siga una línea, un brazo robótico que levante objetos o un robot que responda"
489,79,PLOMERO,2,"Conceptos Básicos de Plomería: Aprendo sobre los componentes fundamentales de un sistema de plomería, incluyendo tuberías, válvulas, sifones y grifos."
490,79,PLOMERO,2,Herramientas y Seguridad: Identifico y explico el uso adecuado de las herramientas básicas de plomería y practico las normas de seguridad esenciales al trabajar con sistemas de agua.
491,79,PLOMERO,2,"Reparaciones Básicas: Realizo reparaciones básicas, como reparar una fuga de agua, destapar un desagüe y reemplazar un grifo o una válvula."
492,79,PLOMERO,2,"Instalación de Componentes de Plomería: Aprendo a instalar componentes simples de plomería, como una llave de paso, un fregadero o un inodoro, siguiendo las instrucciones y prácticas seguras."
493,79,PLOMERO,2,"Proyecto de Mantenimiento de Agua: Participo en un proyecto que implique el mantenimiento de un sistema de agua, como revisar y limpiar las tuberías o instalar un sistema de recolección de agua de lluvia."
494,79,PLOMERO,2,"Sostenibilidad y Conservación del Agua: Investigo y presento sobre prácticas sostenibles y tecnologías de conservación del agua, como el uso de aireadores en grifos, sistemas de riego eficientes y la reutilización de aguas grises."
495,80,ACTOR,2,"Fundamentos de la Actuación: Aprendo sobre los conceptos básicos de la actuación, incluyendo la expresión corporal, la modulación de la voz y el uso del espacio escénico."
496,80,ACTOR,2,Técnicas de Improvisación: Participo en ejercicios de improvisación para desarrollar mi creatividad y capacidad de respuesta rápida en el escenario.
497,80,ACTOR,2,"Memorización y Recitación de Diálogos: Memorizo y recito un monólogo o un diálogo de una obra de teatro, demostrando mi habilidad para interpretar y memorizar líneas."
498,80,ACTOR,2,"Participación en una Obra de Teatro: Participo en la producción y presentación de una obra de teatro, ya sea como actor, asistente de dirección, técnico o en otra función clave."
499,80,ACTOR,2,"Análisis de Personajes: Elijo un personaje de una obra de teatro y realizo un análisis detallado de sus motivaciones, emociones y desarrollo a lo largo de la historia."
500,80,ACTOR,2,"Visita a una Representación Teatral: Asisto a una representación teatral profesional o escolar y escribo una crítica sobre la actuación, la dirección y los elementos escénicos."
501,81,CARPINTERO,2,"Conocimiento de Herramientas y Materiales: Aprendo a identificar y usar correctamente las herramientas básicas de carpintería, como sierras, martillos, clavos, y lijas, y conozco los diferentes tipos de madera y sus usos."
502,81,CARPINTERO,2,"Técnicas de Corte y Ensamblaje: Practico técnicas básicas de corte y ensamblaje de madera, como el corte recto, el corte en ángulo, y el uso de adhesivos y tornillos para unir piezas."
503,81,CARPINTERO,2,"Proyecto de Carpintería Básica: Diseño y construyo un proyecto sencillo de carpintería, como una caja, un estante o un taburete, siguiendo un plano y utilizando técnicas seguras."
504,81,CARPINTERO,2,"Reparación y Mantenimiento: Aprendo a reparar objetos de madera dañados, como reemplazar una pata rota de una silla o arreglar un cajón desalineado, aplicando técnicas de mantenimiento y restauración."
505,81,CARPINTERO,2,"Seguridad en el Taller: Conozco y practico las normas de seguridad en el uso de herramientas y en el taller, incluyendo el uso de equipo de protección personal y el mantenimiento de un área de trabajo ordenada."
506,81,CARPINTERO,2,"Innovación y Sostenibilidad en Carpintería: Investigo y presento sobre prácticas sostenibles en carpintería, como el uso de maderas certificadas, el reciclaje de madera y la minimización de desperdicios, y realizo un proyecto utilizando materiales reciclados."
507,82,CINEFILO,2,"Historia del Cine: Investigo y presento sobre la historia del cine, destacando hitos importantes, directores influyentes y la evolución de la tecnología cinematográfica."
508,82,CINEFILO,2,"Análisis de Películas: Veo y analizo al menos tres películas de diferentes géneros, discutiendo elementos como la trama, el desarrollo de personajes, la cinematografía y la música."
509,82,CINEFILO,2,"Reseña Cinematográfica: Escribo una reseña detallada de una película, evaluando sus aspectos técnicos y artísticos, y comparto mi opinión sobre su impacto y mensaje."
510,82,CINEFILO,2,"Conocimiento de Técnicas Cinematográficas: Aprendo sobre técnicas básicas de cinematografía, como el uso de la cámara, la iluminación, el sonido y la edición, y cómo estas contribuyen a contar una historia."
511,82,CINEFILO,2,"Proyecto de Creación de un Cortometraje: Participo en la creación de un cortometraje, colaborando en aspectos como el guion, la dirección, la actuación y la edición, y presento el producto final a mi grupo o comunidad."
512,82,CINEFILO,2,"Participación en un Festival de Cine o Evento Cinematográfico: Asisto a un festival de cine, una proyección especial o un evento cinematográfico, y escribo un reporte sobre mi experiencia y lo que aprendí."
513,83,COSPLAYER,2,"Conocimiento del Cosplay: Investigo y aprendo sobre el origen y la cultura del cosplay, incluyendo la historia del cosplay, eventos importantes y figuras influyentes en la comunidad."
514,83,COSPLAYER,2,"Diseño de un Disfraz: Elijo un personaje de ficción y diseño un disfraz basado en ese personaje, haciendo un boceto detallado y una lista de materiales necesarios."
515,83,COSPLAYER,2,"Confección del Disfraz: Confecciono el disfraz utilizando técnicas de costura, modelado de espuma, pintura y otros métodos adecuados para crear un disfraz detallado y fiel al personaje."
516,83,COSPLAYER,2,"Accesorios y Maquillaje: Diseño y creo al menos un accesorio o prop relacionado con el personaje, y aprendo técnicas básicas de maquillaje para completar la apariencia del personaje."
517,83,COSPLAYER,2,"Presentación y Actuación: Participo en un evento o reunión de cosplay, presentando mi disfraz y actuando como el personaje elegido, demostrando habilidades de interpretación y expresión personal."
518,84,CREADOR,2,"Conocimiento de la Plataforma: Aprendo las funciones básicas de YouTube, incluyendo cómo crear un canal, subir videos y gestionar contenido."
519,84,CREADOR,2,"Planificación de Contenido: Planifico un video creando un guion y un storyboard, asegurándome de que la narrativa sea clara y atractiva."
520,84,CREADOR,2,"Grabación de Video: Grabo un video usando una cámara o un smartphone, prestando atención a la iluminación, el encuadre y el sonido."
521,84,CREADOR,2,"Edición de Video: Utilizo software de edición para mejorar el video grabado, añadiendo transiciones, música, efectos y títulos."
522,84,CREADOR,2,"Seguridad y Responsabilidad en Línea: Conozco y practico las normas de seguridad en línea, incluyendo la protección de información personal y la creación de contenido respetuoso y adecuado."
523,84,CREADOR,2,"Publicación y Promoción: Subo el video terminado a YouTube, optimizando el título, la descripción y las etiquetas para aumentar la visibilidad, y promociono el video en redes sociales de manera responsable."
524,84,CREADOR,2,"Análisis de Impacto: Analizo el impacto del video en términos de visualizaciones, ‘me gusta’ y comentarios, y reflexiono sobre cómo mejorar el contenido en el futuro."
525,85,DISEÑO GRAFICO,2,"Fundamentos del Diseño Gráfico: Aprendo sobre los principios básicos del diseño gráfico, incluyendo composición, color, tipografía y equilibrio."
526,85,DISEÑO GRAFICO,2,"Herramientas de Diseño Digital: Utilizo software de diseño gráfico como Canva, GIMP o una herramienta similar para crear un proyecto visual simple, como un póster o una tarjeta."
527,85,DISEÑO GRAFICO,2,"Creación de un Logo: Diseña un logo para un proyecto ficticio o real, aplicando los principios de diseño y explicando el proceso creativo detrás de su creación."
528,85,DISEÑO GRAFICO,2,"Proyecto de Diseño Completo: Desarrollo un proyecto de diseño gráfico completo, como un cartel, una portada de libro o un folleto informativo, y presento el resultado final a mi grupo, explicando las decisiones de diseño."
529,85,DISEÑO GRAFICO,2,"Análisis de Diseños Gráficos: Analizo al menos tres ejemplos de diseño gráfico profesional, discutiendo qué hace que estos diseños sean efectivos y qué se puede aprender de ellos."
530,85,DISEÑO GRAFICO,2,"Aplicación del Diseño en la Comunidad: Realizo un proyecto de diseño gráfico que beneficie a mi comunidad o escuela, como la creación de material promocional para un evento local o una campaña de concienciación."
531,86,ESCRITOR,2,"Fundamentos de la Escritura Creativa: Aprendo sobre los elementos básicos de la escritura creativa, incluyendo la estructura de la trama, el desarrollo de personajes y la creación de diálogos."
532,86,ESCRITOR,2,"Escritura de un Cuento Corto: Escribo un cuento corto que tenga un principio, un desarrollo y un desenlace, demostrando mi habilidad para construir una narrativa coherente y atractiva."
533,86,ESCRITOR,2,"Poesía y Verso: Escribo al menos tres poemas utilizando diferentes formas poéticas, como el haiku, el soneto y el verso libre, explorando el ritmo, la rima y el uso del lenguaje figurado."
534,86,ESCRITOR,2,"Artículo Informativo: Investigo y escribo un artículo informativo sobre un tema de interés, presentando los hechos de manera clara y objetiva y aprendiendo a estructurar un texto expositivo."
535,86,ESCRITOR,2,"Revisión y Edición: Reviso y edito mis propios escritos, mejorando la gramática, la ortografía y la claridad del texto, y aplico técnicas de autoedición para perfeccionar mi trabajo."
536,86,ESCRITOR,2,"Publicación y Presentación: Compilo una selección de mis escritos en una pequeña antología personal y presento una lectura de uno de mis textos a mi grupo, familia o comunidad, explicando el proceso creativo y el significado detrás de mi trabajo."
537,87,DIBUJANTE,2,"Fundamentos del Dibujo: Aprendo los conceptos básicos del dibujo, incluyendo el uso de líneas, formas, sombreado, y perspectiva."
538,87,DIBUJANTE,2,"Dibujo de Observación: Realizo al menos tres dibujos de observación, como un paisaje, un retrato y un objeto cotidiano, prestando atención a los detalles y la proporción."
539,87,DIBUJANTE,2,"Exploración de Técnicas: Practico diferentes técnicas de dibujo, como el grafito, el carboncillo, la tinta y el lápiz de color, experimentando con los efectos que cada medio puede crear."
540,87,DIBUJANTE,2,"Creación de un Proyecto Personal: Desarrolla un proyecto de dibujo personal que represente un tema o una idea importante para mí, aplicando las técnicas aprendidas y demostrando mi estilo único."
541,87,DIBUJANTE,2,"Estudio de Artistas Famosos: Investigo y presento sobre la vida y el trabajo de al menos dos artistas famosos, explicando cómo sus estilos y técnicas han influido en el mundo del arte."
542,87,DIBUJANTE,2,"Exhibición de Arte: Organizo una pequeña exposición de mis mejores dibujos para mi grupo, escuela o comunidad, explicando el proceso creativo y el significado detrás de cada obra."
543,88,FILATELISTA,2,"Introducción a la Filatelia: Aprendo sobre la historia de los sellos postales y el propósito de la filatelia, incluyendo los diferentes tipos de sellos y sus características."
544,88,FILATELISTA,2,"Inicio de una Colección: Comienzo una colección de sellos postales, seleccionando un tema o país de interés y adquiriendo al menos 20 sellos diferentes."
545,88,FILATELISTA,2,"Métodos de Conservación: Aprendo y practico métodos adecuados para la conservación y almacenamiento de sellos postales, utilizando herramientas como álbumes, pinzas y monturas."
546,88,FILATELISTA,2,"Investigación de Sellos: Investigo y presento sobre al menos cinco sellos de mi colección, describiendo su origen, diseño, y cualquier característica especial o historia detrás de ellos."
547,88,FILATELISTA,2,"Participación en un Club Filatélico o Evento: Participo en una reunión de un club filatélico local o asisto a una exposición o feria de sellos postales, compartiendo mi experiencia con mi grupo."
548,88,FILATELISTA,2,"Proyecto de Exhibición: Organizo una pequeña exhibición de mi colección de sellos para mi grupo, escuela o comunidad, explicando el proceso de colección y la importancia histórica y cultural de los sellos seleccionados."
549,89,FOLKLORE,2,"Investigación de Tradiciones Folklóricas: Investigo y documento una tradición folklórica específica de mi región o país, explicando su origen, significado y cómo se ha mantenido viva a lo largo del tiempo."
550,89,FOLKLORE,2,"Aprendizaje y Práctica de una Danza Folklórica: Aprendo una danza folklórica tradicional y la practico con mi grupo, demostrando los pasos y movimientos correctos, y presentándola ante una audiencia."
551,89,FOLKLORE,2,"Vestimenta Típica: Conozco y describo la vestimenta típica asociada a la tradición folklórica estudiada, incluyendo su significado y los materiales utilizados para su confección."
552,89,FOLKLORE,2,"Música Folklórica: Escucho y analizo la música tradicional de mi región, identificando los instrumentos y estilos característicos, y aprendo a tocar una melodía simple en un instrumento tradicional si es posible."
553,89,FOLKLORE,2,"Participación en un Evento Cultural: Asisto a un evento cultural o festival que celebre las tradiciones folklóricas, y escribo un informe detallado sobre mi experiencia y lo que aprendí."
554,89,FOLKLORE,2,"Proyecto de Preservación Cultural: Desarrollo un proyecto que contribuya a la preservación de una tradición folklórica, como la grabación de historias orales, la organización de un taller de danza o la creación de un blog sobre folklore local."
555,90,GAME MASTER,2,"Conocimiento de Juegos de Rol: Investigo y aprendo sobre los fundamentos de los juegos de rol, incluyendo su historia, los diferentes tipos de juegos y los elementos clave que componen una partida de rol."
556,90,GAME MASTER,2,"Creación de Aventuras: Diseño y escribo una aventura original para un juego de rol, incluyendo la trama, los personajes no jugadores (PNJs), los escenarios y los posibles desafíos y recompensas para los jugadores."
557,90,GAME MASTER,2,"Manejo de Reglas y Mecánicas de Juego: Aprendo y demuestro conocimiento de las reglas y mecánicas de al menos un sistema de juego de rol, como Dungeons & Dragons, Pathfinder, o cualquier otro sistema preferido, explicando cómo se aplican en una partida."
558,90,GAME MASTER,2,"Dirigir una Sesión de Juego: Dirijo al menos una sesión de juego como Game Master, guiando a los jugadores a través de la aventura que diseñé y manejando las interacciones y decisiones de los personajes."
559,90,GAME MASTER,2,"Fomentar la Colaboración y el Trabajo en Equipo: Aprendo técnicas para fomentar la colaboración y el trabajo en equipo entre los jugadores, asegurando que todos participen y disfruten de la experiencia de juego."
560,91,LECTOR,2,"Selección de Libros: Elijo y leo al menos tres libros de diferentes géneros literarios, como aventuras, ciencia ficción, biografías y cuentos populares."
561,91,LECTOR,2,"Reseña Literaria: Escribo una reseña detallada de cada libro leído, evaluando la trama, el desarrollo de los personajes y el estilo del autor, y comparto mis reseñas con mi grupo."
562,91,LECTOR,2,Discusión de Libros: Participo en un grupo de discusión de libros donde comparto mis opiniones y escucho las perspectivas de otros sobre los libros leídos.
563,91,LECTOR,2,"Visita a una Biblioteca: Visito una biblioteca local, aprendo sobre su organización y recursos, y obtengo una tarjeta de biblioteca si es posible."
564,91,LECTOR,2,"Proyecto de Lectura en la Comunidad: Organizo una actividad de promoción de la lectura en mi comunidad, como una hora de cuentos para niños, una campaña de intercambio de libros o una charla sobre la importancia de la lectura."
565,91,LECTOR,2,"Exploración de Autores Nacionales: Investigo y presento sobre al menos dos autores nacionales, leyendo una obra de cada uno y discutiendo su impacto en la literatura y cultura de mi país."
566,92,MARROQUINERO,2,"Conocimiento del Material: Aprendo sobre los diferentes tipos de cuero y sus características, así como sobre las herramientas básicas utilizadas en la marroquinería."
567,92,MARROQUINERO,2,"Preparación del Cuero: Aprendo a preparar el cuero para el trabajo, incluyendo técnicas de corte, marcado y perforación."
568,92,MARROQUINERO,2,"Técnicas de Costura: Practico al menos dos técnicas de costura a mano utilizadas en marroquinería, como la puntada de silla y la puntada de látigo, y las aplico en un proyecto sencillo."
569,92,MARROQUINERO,2,"Proyecto de Marroquinería Básica: Diseño y confecciono un objeto sencillo de cuero, como una cartera, un cinturón o un llavero, utilizando las técnicas aprendidas."
570,92,MARROQUINERO,2,"Decoración del Cuero: Aprendo y aplico técnicas de decoración del cuero, como el repujado, el teñido y el grabado, para embellecer mis proyectos."
571,92,MARROQUINERO,2,"Cuidado y Mantenimiento del Cuero: Aprendo a cuidar y mantener los objetos de cuero, incluyendo técnicas de limpieza, acondicionamiento y almacenamiento adecuado."
572,93,MÚSICO,2,"Conocimiento de Teoría Musical: Aprendo los conceptos básicos de la teoría musical, incluyendo notas, ritmos, escalas y acordes."
573,93,MÚSICO,2,"Tocar un Instrumento: Elijo un instrumento musical y aprendo a tocar al menos dos piezas sencillas, demostrando habilidad y control sobre el instrumento."
574,93,MÚSICO,2,"Lectura de Partituras: Aprendo a leer partituras musicales, identificando las notas y símbolos comunes, y utilizo esta habilidad para tocar una pieza musical."
575,93,MÚSICO,2,"Participación en un Ensayo o Concierto: Participo en un ensayo o concierto, ya sea como solista o como parte de un grupo, demostrando mi capacidad para tocar en público y colaborar con otros músicos."
576,93,MÚSICO,2,"Composición Musical: Compongo una pieza musical original, utilizando los conocimientos de teoría musical y el instrumento que he aprendido a tocar, y la presento a mi grupo."
577,93,MÚSICO,2,"Apreciación de la Música: Escucho y analizo diferentes estilos y géneros musicales, identificando características clave y discutiendo cómo la música puede influir en las emociones y la cultura."
578,94,NUMISMÁTICA,2,"Introducción a la Numismática: Aprendo sobre la historia de las monedas y billetes, incluyendo sus orígenes, evolución y el propósito de la numismática."
579,94,NUMISMÁTICA,2,"Inicio de una Colección: Comienzo una colección de monedas o billetes, seleccionando un tema o país de interés y adquiriendo al menos 20 piezas diferentes."
580,94,NUMISMÁTICA,2,"Métodos de Conservación: Aprendo y practico métodos adecuados para la conservación y almacenamiento de monedas y billetes, utilizando herramientas como álbumes, cápsulas y guantes."
581,94,NUMISMÁTICA,2,"Investigación de Piezas: Investigo y presento sobre al menos cinco monedas o billetes de mi colección, describiendo su origen, diseño, y cualquier característica especial o historia detrás de ellos."
582,94,NUMISMÁTICA,2,"Participación en un Club Numismático o Evento: Participo en una reunión de un club numismático local o asisto a una exposición o feria de monedas y billetes, compartiendo mi experiencia con mi grupo."
583,94,NUMISMÁTICA,2,"Proyecto de Exhibición: Organizo una pequeña exhibición de mi colección de monedas o billetes para mi grupo, escuela o comunidad, explicando el proceso de colección y la importancia histórica y cultural de las piezas seleccionadas."
584,95,ORIGAMI,2,"Introducción al Origami: Aprendo sobre la historia y los principios básicos del origami, incluyendo los tipos de papel y las técnicas de plegado fundamentales."
585,95,ORIGAMI,2,"Figuras Básicas: Plego al menos cinco figuras de origami simples, como la grulla, el barco, la caja, la estrella y el pez, siguiendo instrucciones detalladas."
586,95,ORIGAMI,2,"Figuras Intermedias: Realizo al menos tres figuras de origami intermedias, como la rana saltarina, el lirio y el cisne, aplicando técnicas de plegado más avanzadas."
587,95,ORIGAMI,2,"Diseño Propio: Diseña y crea una figura original de origami, aplicando los conocimientos y técnicas aprendidas, y explica el proceso creativo detrás de su diseño."
588,95,ORIGAMI,2,"Exhibición de Origami: Organizo una pequeña exhibición de mis figuras de origami para mi grupo, escuela o comunidad, explicando las técnicas y la historia detrás de cada figura."
589,95,ORIGAMI,2,"Proyecto de Enseñanza: Enseño a otros a crear al menos dos figuras de origami, compartiendo mis conocimientos y habilidades, y promoviendo el arte del origami en mi comunidad."
590,96,PERIODISTA,2,"Introducción al Periodismo: Aprendo sobre la historia del periodismo, su importancia en la sociedad y los diferentes tipos de periodismo, como el periodismo de noticias, el periodismo de investigación y el periodismo deportivo."
591,96,PERIODISTA,2,"Investigación y Fuentes: Aprendo a identificar y utilizar fuentes de información confiables para investigar un tema de interés, incluyendo la realización de entrevistas y la recopilación de datos."
592,96,PERIODISTA,2,"Escritura de un Artículo: Escribo un artículo de noticias, una entrevista o un reportaje sobre un tema relevante, aplicando las técnicas de escritura periodística, como la pirámide invertida y el uso de citas."
593,96,PERIODISTA,2,"Edición y Revisión: Reviso y edito mi propio trabajo, mejorando la claridad, precisión y coherencia del artículo, y aplicando técnicas de autoedición para perfeccionar el texto."
594,96,PERIODISTA,2,"Participación en una Publicación: Participo en la creación de una publicación, como un periódico escolar, un blog o una revista, colaborando con otros en la planificación, redacción y diseño de contenidos."
595,96,PERIODISTA,2,"Ética y Responsabilidad en el Periodismo: Aprendo sobre los principios éticos del periodismo, como la objetividad, la veracidad y la responsabilidad, y discuto cómo aplicarlos en mi trabajo."
596,97,PINTOR,2,"Conocimiento de Materiales y Herramientas: Aprendo sobre los diferentes materiales y herramientas utilizados en la pintura, como pinceles, lienzos, pinturas acrílicas, acuarelas y óleos."
597,97,PINTOR,2,"Técnicas de Pintura: Practico al menos tres técnicas de pintura diferentes, como el lavado de acuarela, el impasto y el sfumato, creando pequeñas obras que demuestren mi habilidad en cada técnica."
598,97,PINTOR,2,"Teoría del Color: Aprendo sobre la teoría del color, incluyendo el círculo cromático, los colores primarios, secundarios y complementarios, y cómo mezclarlos para crear una paleta armoniosa."
599,97,PINTOR,2,"Creación de una Obra Original: Diseño y pinto una obra original utilizando una técnica y un tema de mi elección, aplicando los conocimientos y habilidades aprendidas."
600,97,PINTOR,2,"Estudio de Artistas Famosos: Investigo y presento sobre al menos dos artistas famosos, explicando cómo sus estilos y técnicas han influido en el mundo del arte y en mi propio trabajo."
601,97,PINTOR,2,"Exhibición de Arte: Organizo una pequeña exposición de mis obras de pintura para mi grupo, escuela o comunidad, explicando el proceso creativo y el significado detrás de cada obra."
602,98,SERIGRAFISTA,2,"Introducción a la Serigrafía: Aprendo sobre la historia y los principios básicos de la serigrafía, incluyendo los materiales y equipos necesarios para el proceso de impresión."
603,98,SERIGRAFISTA,2,"Diseño de Plantillas: Diseño y creo una plantilla para serigrafía, utilizando técnicas de corte y preparación de pantalla adecuadas."
604,98,SERIGRAFISTA,2,"Preparación de la Pantalla: Aprendo a preparar una pantalla de serigrafía, aplicando la emulsión y exponiéndola para transferir el diseño."
605,98,SERIGRAFISTA,2,"Proceso de Impresión: Realizo al menos tres impresiones serigráficas en diferentes materiales, como tela, papel y cartón, siguiendo el proceso completo de serigrafía."
606,98,SERIGRAFISTA,2,"Cuidado y Mantenimiento de Herramientas: Aprendo y practico el cuidado y mantenimiento de las herramientas y equipos de serigrafía, asegurando su durabilidad y funcionamiento óptimo."
607,98,SERIGRAFISTA,2,"Proyecto de Serigrafía: Diseño y realizo un proyecto de serigrafía completo, como una serie de camisetas, pósteres o tarjetas, aplicando todas las técnicas aprendidas y presentando el resultado final a mi grupo."
608,99,ATLETA,2,"Conocimiento de Fundamentos Deportivos: Aprendo sobre los fundamentos del entrenamiento deportivo, incluyendo la importancia del calentamiento, estiramiento y enfriamiento, así como los principios básicos de nutrición y hidratación."
609,99,ATLETA,2,"Participación en Actividades Físicas: Participo regularmente en al menos tres tipos diferentes de actividades físicas o deportes, como correr, nadar, ciclismo, fútbol, baloncesto o voleibol, durante un período mínimo de tres meses."
610,99,ATLETA,2,"Medición de Progreso: Mantengo un registro de mis actividades físicas, anotando tiempos, distancias y mejoras en mi rendimiento, y reflexiono sobre mi progreso y las áreas que necesito mejorar."
611,99,ATLETA,2,"Demostración de Habilidades: Demuestro habilidades fundamentales en al menos dos deportes diferentes, como driblar en baloncesto, nadar estilos específicos en natación, o patear un balón en fútbol."
612,99,ATLETA,2,"Organización de un Evento Deportivo: Planifico y organizo un evento deportivo para mi grupo o comunidad, como una carrera, un torneo o una exhibición de habilidades, promoviendo la participación y el espíritu deportivo."
613,99,ATLETA,2,"Conocimiento de la Importancia del Ejercicio: Investigo y presento sobre los beneficios físicos, mentales y sociales del ejercicio regular, y cómo una vida activa puede prevenir enfermedades y mejorar la calidad de vida."
614,100,CICLISTA,2,"Conocimiento de la Bicicleta y Equipo: Aprendo sobre las partes fundamentales de una bicicleta, como los frenos, las ruedas, la cadena y los engranajes, y el equipo de seguridad necesario, como el casco, las luces y los reflectores."
615,100,CICLISTA,2,"Mantenimiento Básico: Realizo tareas de mantenimiento básico, como inflar las llantas, ajustar los frenos, lubricar la cadena y cambiar una cámara de aire pinchada."
616,100,CICLISTA,2,"Técnicas de Conducción Segura: Practico técnicas de conducción segura, incluyendo señales manuales, frenar adecuadamente, y circular por diferentes tipos de terrenos y condiciones de tráfico."
617,100,CICLISTA,2,"Seguridad Vial: Conozco y practico las normas de seguridad vial para ciclistas, incluyendo la importancia de seguir las señales de tráfico, respetar a los peatones y mantener una distancia segura de los vehículos."
618,100,CICLISTA,2,"Planificación y Ejecución de una Ruta: Planifico y ejecuto una ruta en bicicleta de al menos 10 kilómetros, utilizando un mapa y asegurándome de tener en cuenta la seguridad y las condiciones del terreno."
619,100,CICLISTA,2,"Participación en una Excursión en Bicicleta: Participo en una excursión en bicicleta con mi grupo, aplicando todas las habilidades y conocimientos aprendidos, y reflexionando sobre la experiencia."
620,101,DEPORTISTA,2,"Conocimiento de Fundamentos Deportivos: Aprendo sobre los principios básicos del entrenamiento deportivo, incluyendo la importancia del calentamiento, estiramiento y enfriamiento, así como los principios de nutrición e hidratación para atletas."
621,101,DEPORTISTA,2,"Participación en Deportes: Participo regularmente en al menos tres deportes diferentes, como fútbol, baloncesto, atletismo, natación, voleibol o ciclismo, durante un período mínimo de tres meses."
622,101,DEPORTISTA,2,"Medición de Progreso: Mantengo un registro de mis actividades deportivas, anotando tiempos, distancias, resultados de competencias y mejoras en mi rendimiento, y reflexiono sobre mi progreso y las áreas que necesito mejorar."
623,101,DEPORTISTA,2,"Demostración de Habilidades Deportivas: Demuestro habilidades fundamentales en al menos dos deportes diferentes, como driblar en baloncesto, nadar estilos específicos en natación o patear un balón en fútbol."
624,101,DEPORTISTA,2,"Organización de un Evento Deportivo: Planifico y organizo un evento deportivo para mi grupo o comunidad, como una carrera, un torneo o una exhibición de habilidades, promoviendo la participación, el trabajo en equipo y el espíritu deportivo."
625,101,DEPORTISTA,2,"Conocimiento de la Importancia del Ejercicio: Investigo y presento sobre los beneficios físicos, mentales y sociales del ejercicio regular, y cómo una vida activa puede prevenir enfermedades y mejorar la calidad de vida."
626,102,DEFENSA PERSONAL,2,"Introducción a la Defensa Personal: Aprendo sobre los principios básicos de la defensa personal, incluyendo la importancia de la prevención, la conciencia situacional y el control de la respiración."
627,102,DEFENSA PERSONAL,2,"Técnicas Básicas de Defensa: Practico al menos cinco técnicas básicas de defensa personal, como liberaciones de agarres, bloqueos, golpes y patadas, demostrando precisión y control."
628,102,DEFENSA PERSONAL,2,"Situaciones de Riesgo y Respuestas Apropiadas: Discuto y practico cómo responder a diferentes situaciones de riesgo, como ataques físicos, acoso o amenazas, utilizando técnicas de desescalada y autodefensa."
629,102,DEFENSA PERSONAL,2,"Práctica con un Instructor Calificado: Participo en al menos tres sesiones de entrenamiento con un instructor calificado en defensa personal o artes marciales, aplicando las técnicas aprendidas en un entorno controlado."
630,102,DEFENSA PERSONAL,2,"Autoprotección y Seguridad Personal: Aprendo y aplico estrategias de autoprotección, como el uso de rutas seguras, la importancia de la comunicación y el uso de herramientas de defensa no letales."
631,102,DEFENSA PERSONAL,2,"Proyecto de Concienciación: Organizo una actividad o presentación para mi grupo o comunidad sobre la importancia de la defensa personal y la seguridad, compartiendo lo aprendido y promoviendo la conciencia sobre la autoprotección."
632,103,ECUESTRE,2,"Conocimiento Básico del Caballo: Aprendo sobre las partes del cuerpo del caballo, su comportamiento y las necesidades básicas de cuidado, incluyendo alimentación, higiene y ejercicio."
633,103,ECUESTRE,2,"Cuidado y Mantenimiento: Participo en las tareas diarias de cuidado de un caballo, como cepillado, limpieza de cascos y mantenimiento del equipo de equitación."
634,103,ECUESTRE,2,"Equipo de Equitación: Conozco y explico el uso adecuado del equipo de equitación, como la silla, la brida y las riendas, y aprendo a ajustarlo correctamente."
635,103,ECUESTRE,2,"Técnicas Básicas de Equitación: Practico técnicas básicas de equitación, incluyendo el montaje, la conducción a paso y trote, y la ejecución de giros y paradas controladas."
636,103,ECUESTRE,2,"Seguridad en la Equitación: Aprendo y aplico normas de seguridad al montar y cuidar de los caballos, incluyendo el uso de equipo de protección personal y la evaluación de riesgos en el entorno de equitación."
637,103,ECUESTRE,2,"Participación en una Clase o Evento Ecuestre: Participo en al menos una clase de equitación con un instructor calificado o en un evento ecuestre, aplicando las habilidades aprendidas y reflexionando sobre la experiencia."
638,104,NATACIÓN,2,"Conocimiento Básico de la Natación: Aprendo sobre los fundamentos de la natación, incluyendo la importancia del calentamiento, la técnica de respiración y la seguridad en el agua."
639,104,NATACIÓN,2,"Estilos de Natación: Dominar al menos tres estilos de natación diferentes, como crol, espalda y braza, demostrando técnica y eficiencia en cada uno."
640,104,NATACIÓN,2,"Rescate Acuático Básico: Aprendo y practico técnicas básicas de rescate acuático, como el nado de rescate, el remolque de una víctima y la realización de una entrada segura al agua para realizar un rescate."
641,104,NATACIÓN,2,"Seguridad Acuática: Conozco y aplico las normas de seguridad en piscinas y entornos acuáticos naturales, incluyendo la identificación de señales de peligro y la comprensión de las reglas de salvavidas."
642,104,NATACIÓN,2,"Participación en una Competencia o Evento de Natación: Participo en una competencia de natación, evento comunitario o demostración de habilidades, aplicando las técnicas aprendidas y reflexionando sobre la experiencia."
643,104,NATACIÓN,2,"Proyecto de Concienciación: Desarrollo un proyecto de concienciación sobre la seguridad acuática para mi grupo o comunidad, como una presentación, un folleto informativo o una campaña de redes sociales, promoviendo prácticas seguras en el agua."
644,105,ANIMADOR DE LA FÉ,2,"Conocimiento de Textos Sagrados: Aprendo y reflexiono sobre al menos tres pasajes significativos de los textos sagrados de mi fe, explicando su significado y cómo se aplican en la vida diaria."
645,105,ANIMADOR DE LA FÉ,2,"Participación en Servicios Religiosos: Participo activamente en los servicios religiosos de mi comunidad durante al menos tres meses, contribuyendo de manera significativa en las actividades y ceremonias."
646,105,ANIMADOR DE LA FÉ,2,"Organización de Actividades de Fe: Organizo y lidero al menos dos actividades relacionadas con mi fe, como estudios bíblicos, grupos de oración, retiros espirituales o eventos de servicio comunitario."
647,105,ANIMADOR DE LA FÉ,2,"Proyecto de Servicio Comunitario: Desarrollo y ejecuto un proyecto de servicio comunitario que refleje los valores de mi fe, como una campaña de recolección de alimentos, una visita a un hogar de ancianos o una limpieza comunitaria."
648,105,ANIMADOR DE LA FÉ,2,"Reflexión y Testimonio Personal: Escribo y comparto un testimonio personal sobre mi fe y cómo ha influido en mi vida, presentándolo a mi grupo o comunidad de fe."
649,105,ANIMADOR DE LA FÉ,2,"Mentoría y Apoyo Espiritual: Actúo como mentor para otros jóvenes en mi comunidad de fe, ofreciendo apoyo espiritual y ayudándolos a crecer en su propio camino de fe."
650,106,AMIGO DE TU PAÍS,2,"Historia y Cultura: Investigo y presento sobre al menos tres eventos históricos importantes y tres figuras relevantes de la historia de mi país, explicando su impacto y legado."
651,106,AMIGO DE TU PAÍS,2,"Geografía y Recursos Naturales: Aprendo sobre la geografía de mi país, incluyendo sus principales regiones, recursos naturales y ecosistemas, y preparo un mapa destacando estos elementos."
652,106,AMIGO DE TU PAÍS,2,"Tradiciones y Costumbres: Conozco y participo en al menos dos tradiciones o costumbres culturales de mi país, como festivales, danzas, o celebraciones, y documento mi experiencia."
653,106,AMIGO DE TU PAÍS,2,"Símbolos Nacionales: Investigo sobre los símbolos nacionales de mi país, como la bandera, el escudo y el himno, y explico su significado y origen."
654,106,AMIGO DE TU PAÍS,2,"Proyecto Comunitario: Desarrollo y ejecuto un proyecto que beneficie a mi comunidad, como una campaña de limpieza, una actividad educativa sobre la historia local, o un evento cultural."
655,106,AMIGO DE TU PAÍS,2,"Promoción del Orgullo Nacional: Creo un cartel, folleto o presentación que promueva el orgullo y conocimiento sobre mi país, y lo comparto con mi grupo, escuela o comunidad."
656,107,AMIGO DEL MUNDO,2,"Conocimiento de Culturas Internacionales: Investigo y presento sobre al menos tres culturas diferentes, describiendo sus tradiciones, costumbres, festivales y formas de vida."
657,107,AMIGO DEL MUNDO,2,Aprendizaje de Frases Básicas en Otro Idioma: Aprendo y utilizo frases básicas de saludo y cortesía en al menos dos idiomas diferentes al mío.
658,107,AMIGO DEL MUNDO,2,"Correspondencia Internacional:Mantengo correspondencia (por carta o correo electrónico) con un joven de otro país, intercambiando información sobre nuestras vidas, culturas y experiencias."
659,107,AMIGO DEL MUNDO,2,"Participación en una Actividad Multicultural: Participo en una actividad o evento multicultural, como un festival internacional, una feria cultural o una exposición de arte de otro país, y documento mi experiencia."
660,107,AMIGO DEL MUNDO,2,"Proyecto de Promoción de la Paz y la Cooperación: Desarrollo y ejecuto un proyecto que promueva la paz, la cooperación y el entendimiento entre culturas, como una presentación sobre la importancia de la diversidad, un mural colaborativo, o una campaña en redes sociales."
661,107,AMIGO DEL MUNDO,2,Reflexión sobre la Diversidad Cultural: Escribo una reflexión personal sobre lo que he aprendido acerca de la diversidad cultural y cómo puedo aplicar este conocimiento para promover la comprensión y la cooperación en mi comunidad.
662,108,BOMBERO,2,Conocimiento de la Prevención de Incendios: Aprendo sobre las causas comunes de los incendios y las medidas de prevención que pueden tomarse en el hogar y la comunidad para evitar incendios.
663,108,BOMBERO,2,"Equipos y Herramientas de Bomberos: Conozco los equipos y herramientas básicas utilizadas por los bomberos, como mangueras, extintores, equipo de protección personal, y aprendo cómo funcionan."
664,108,BOMBERO,2,"Uso de Extintores: Aprendo y demuestro cómo utilizar correctamente diferentes tipos de extintores para apagar fuegos pequeños de acuerdo con su clase (A, B, C, D y K)."
665,108,BOMBERO,2,"Plan de Evacuación: Desarrollo un plan de evacuación para mi hogar o escuela, incluyendo rutas de escape, puntos de reunión y procedimientos en caso de emergencia."
666,108,BOMBERO,2,"Técnicas Básicas de Primeros Auxilios: Aprendo y practico técnicas básicas de primeros auxilios, incluyendo cómo tratar quemaduras menores, cortes, y cómo realizar reanimación cardiopulmonar (RCP) básica."
667,108,BOMBERO,2,"Visita a una Estación de Bomberos: Organizo o participo en una visita a una estación de bomberos local, aprendiendo de los profesionales sobre su trabajo diario, los desafíos que enfrentan y las experiencias que tienen."
668,109,CIVISMO,2,"Conocimiento de Derechos y Deberes Ciudadanos: Investigo y aprendo sobre los derechos y deberes fundamentales de los ciudadanos en mi país, incluyendo la Constitución y leyes relevantes."
669,109,CIVISMO,2,"Participación en la Comunidad: Participo en al menos dos actividades comunitarias o proyectos de servicio, como campañas de limpieza, programas de ayuda social o eventos comunitarios, y reflexiono sobre mi experiencia."
670,109,CIVISMO,2,"Sistemas de Gobierno: Aprendo sobre los diferentes niveles y funciones del gobierno en mi país, incluyendo las responsabilidades de los funcionarios públicos y cómo se toman las decisiones que afectan a la comunidad."
671,109,CIVISMO,2,"Educación Cívica: Organizo o participo en una sesión educativa sobre un tema de interés cívico, como la importancia del voto, el voluntariado o la protección del medio ambiente, y comparto lo aprendido con mi grupo."
672,109,CIVISMO,2,"Proyecto de Impacto Comunitario: Desarrollo y ejecuto un proyecto que beneficie a mi comunidad, como una campaña de concienciación, una recolección de fondos para una causa local, o una mejora en la infraestructura comunitaria."
673,109,CIVISMO,2,Reflexión Personal: Escribo una reflexión personal sobre lo que significa ser un buen ciudadano y cómo puedo aplicar los principios de civismo en mi vida diaria para contribuir positivamente a mi comunidad.
674,110,COCINERO,2,"Conocimiento de Seguridad Alimentaria: Aprendo sobre las normas básicas de higiene y seguridad en la cocina, incluyendo el manejo seguro de alimentos y utensilios, y la importancia de mantener una cocina limpia."
675,110,COCINERO,2,"Técnicas Básicas de Cocina: Practico al menos cinco técnicas básicas de cocina, como cortar, picar, sofreír, hervir y hornear, y demuestro mi habilidad en cada una."
676,110,COCINERO,2,"Preparación de Recetas Simples: Preparo al menos tres recetas simples y nutritivas, como ensaladas, sopas, y platillos principales, siguiendo las instrucciones de manera precisa."
677,110,COCINERO,2,"Cocina Internacional: Investigo y preparo un platillo típico de otro país, aprendiendo sobre los ingredientes y técnicas específicas de esa cultura culinaria."
678,110,COCINERO,2,"Planificación de Menús: Diseño y preparo un menú completo para una comida, incluyendo entrada, plato principal y postre, teniendo en cuenta el equilibrio nutricional y la presentación."
679,110,COCINERO,2,"Proyecto de Cocina Comunitaria: Participo en un proyecto de cocina comunitaria, como una actividad de preparación de alimentos para personas necesitadas, una demostración de cocina en una feria local, o un taller de cocina saludable para niños."
680,111,EDUCADOR VIAL,2,"Conocimiento de Normas de Tránsito: Investigo y aprendo sobre las normas de tránsito básicas de mi país, incluyendo señales de tráfico, reglas para peatones, ciclistas y conductores, y el significado de las señales de tráfico más comunes."
681,111,EDUCADOR VIAL,2,"Identificación de Señales de Tránsito: Identifico y explico al menos 20 señales de tráfico diferentes, describiendo su significado y la importancia de cada una para la seguridad vial."
682,111,EDUCADOR VIAL,2,"Simulación de Situaciones de Tránsito: Participo en simulaciones o ejercicios prácticos que representen situaciones de tránsito comunes, demostrando mi comprensión de cómo aplicar las normas de tránsito en la vida real."
683,111,EDUCADOR VIAL,2,"Proyecto de Educación Vial: Desarrollo y ejecuto un proyecto educativo sobre seguridad vial, como una campaña de concienciación, una charla en una escuela o un taller para niños, promoviendo el respeto y la responsabilidad en la vía pública."
684,111,EDUCADOR VIAL,2,"Investigación sobre Accidentes de Tránsito: Investigo y presento sobre las causas y consecuencias de los accidentes de tránsito, incluyendo estadísticas locales y estrategias de prevención."
685,112,FENG SHUI,2,"Conocimiento de los Fundamentos del Feng Shui: Aprendo sobre la historia y los principios básicos del Feng Shui, incluyendo el concepto de energía (Qi), los cinco elementos (agua, madera, fuego, tierra y metal) y el bagua."
686,112,FENG SHUI,2,"Mapa Bagua: Aprendo a elaborar un mapa bagua y lo aplico en un espacio de mi elección (como mi habitación, sala de estar o área de estudio), identificando las áreas correspondientes a los diferentes aspectos de la vida (salud, amor, carrera, etc.)."
687,112,FENG SHUI,2,"Equilibrio de los Cinco Elementos: Aprendo a equilibrar los cinco elementos en un espacio, utilizando colores, materiales y formas que representen cada elemento, y aplico estos principios en la decoración de una habitación."
688,112,FENG SHUI,2,"Organización y Despeje de Espacios: Practico técnicas de organización y despeje de espacios para mejorar el flujo de energía, eliminando el desorden y reorganizando los objetos para crear un entorno más armonioso."
689,112,FENG SHUI,2,"Creación de un Jardín Feng Shui: Diseño y creo un pequeño jardín Feng Shui, utilizando plantas, agua y otros elementos naturales para promover el equilibrio y la armonía en un espacio exterior o interior."
690,113,GERENTE DE HOGAR,2,"Planificación y Organización: Aprendo a planificar y organizar las tareas del hogar, incluyendo la creación de un horario semanal para las tareas domésticas y el manejo de un presupuesto básico para gastos del hogar."
691,113,GERENTE DE HOGAR,2,"Limpieza y Mantenimiento del Hogar: Realizo tareas de limpieza y mantenimiento del hogar, como barrer, trapear, limpiar ventanas, lavar platos y ropa, y organizar espacios de almacenamiento."
692,113,GERENTE DE HOGAR,2,"Cocina y Nutrición: Planifico, preparo y cocino al menos tres comidas saludables y equilibradas, siguiendo principios básicos de nutrición y seguridad alimentaria."
693,113,GERENTE DE HOGAR,2,"Primeros Auxilios Domésticos: Aprendo y practico técnicas básicas de primeros auxilios, como tratar quemaduras menores, cortes y heridas, y qué hacer en caso de atragantamiento o desmayos."
694,113,GERENTE DE HOGAR,2,"Cuidado de la Ropa y del Calzado: Aprendo a cuidar adecuadamente la ropa y el calzado, incluyendo técnicas de lavado, secado, planchado y reparación básica."
695,113,GERENTE DE HOGAR,2,"Proyecto de Mejora del Hogar: Desarrollo y ejecuto un proyecto que mejore algún aspecto del hogar, como organizar un espacio, decorar una habitación o reparar un mueble, y documento el proceso y el resultado."
696,114,GUÍA,2,"Planificación de Excursiones: Aprendo a planificar una excursión al aire libre, incluyendo la selección del lugar, la preparación del itinerario, la lista de equipo necesario y las medidas de seguridad."
697,114,GUÍA,2,"Orientación y Navegación: Adquiero habilidades de orientación y navegación, aprendiendo a utilizar mapas, brújulas y GPS, y demuestro estas habilidades en una práctica al aire libre."
698,114,GUÍA,2,"Liderazgo de Grupo: Practico técnicas de liderazgo y manejo de grupo, organizando y liderando una actividad al aire libre para mi grupo, asegurándome de mantener la cohesión y la seguridad del grupo."
699,114,GUÍA,2,"Primeros Auxilios en la Naturaleza: Aprendo y practico técnicas básicas de primeros auxilios específicas para actividades al aire libre, incluyendo el tratamiento de picaduras, cortes, heridas y manejo de fracturas."
700,114,GUÍA,2,"Conocimiento del Entorno Natural: Investigo y presento sobre la flora y fauna local del área donde realizo mis actividades al aire libre, aprendiendo a identificar plantas y animales y a respetar su hábitat."
701,114,GUÍA,2,"Evaluación de Riesgos y Seguridad: Conozco y aplico las normas de seguridad y evaluación de riesgos en actividades al aire libre, desarrollando un plan de contingencia para situaciones de emergencia durante una excursión."
702,115,LECHERO,2,"Conocimiento del Proceso de Producción: Aprendo sobre el proceso completo de producción de leche, desde el ordeño hasta la pasteurización, y las diferentes etapas involucradas en la obtención de productos lácteos."
703,115,LECHERO,2,"Ordeño y Manejo de Animales: Participo en el proceso de ordeño, aprendiendo y practicando las técnicas adecuadas para ordeñar a mano o con equipo mecánico, y el cuidado general de los animales lecheros."
704,115,LECHERO,2,"Higiene y Seguridad Alimentaria: Conozco y aplico las normas de higiene y seguridad en la producción de leche, incluyendo la limpieza del equipo de ordeño y las instalaciones, y la prevención de enfermedades."
705,115,LECHERO,2,"Elaboración de Productos Lácteos: Preparo al menos dos productos lácteos, como queso, yogur o mantequilla, siguiendo las técnicas tradicionales y modernas de elaboración."
706,115,LECHERO,2,"Nutrición y Beneficios de la Leche: Investigo y presento sobre los beneficios nutricionales de la leche y los productos lácteos, y su importancia en una dieta equilibrada."
707,115,LECHERO,2,"Visita a una Granja Lechera o Planta de Procesamiento: Organizo o participo en una visita a una granja lechera o una planta de procesamiento de productos lácteos, aprendiendo de los profesionales sobre su trabajo y los desafíos que enfrentan."
708,116,PRIMEROS AUXILIOS,2,"Introducción a los Primeros Auxilios: Aprendo sobre la importancia de los primeros auxilios y los principios básicos de cómo actuar en una emergencia, incluyendo la evaluación de la escena y la prioridad de las acciones."
709,116,PRIMEROS AUXILIOS,2,"Reanimación Cardiopulmonar (RCP): Aprendo y practico la técnica de RCP en adultos, niños y bebés, incluyendo el uso de un desfibrilador externo automático (DEA) si está disponible."
710,116,PRIMEROS AUXILIOS,2,"Tratamiento de Heridas y Hemorragias: Aprendo a limpiar y vendar heridas, detener hemorragias, y aplicar técnicas de primeros auxilios para cortes, raspaduras y heridas punzantes."
711,116,PRIMEROS AUXILIOS,2,"Manejo de Fracturas y Lesiones Musculares: Aprendo a inmovilizar fracturas y a tratar esguinces, torceduras y calambres, utilizando materiales disponibles para crear férulas y vendajes."
712,116,PRIMEROS AUXILIOS,2,"Tratamiento de Quemaduras y Lesiones por Calor: Aprendo a reconocer y tratar diferentes grados de quemaduras y otras lesiones causadas por el calor, como golpes de calor y agotamiento por calor."
713,116,PRIMEROS AUXILIOS,2,Atención a Víctimas de Asfixia y Shock: Aprendo a realizar maniobras para desobstruir las vías respiratorias en personas asfixiadas y a identificar y tratar a víctimas en estado de shock.
714,117,PRIMEROS AUXILIOS,2,"Simulacro de Emergencia: Participo en un simulacro de emergencia donde pongo en práctica todas las habilidades aprendidas, manejando una situación simulada de primeros auxilios de manera efectiva."
715,117,PROMOTOR DE LA PAZ,2,"Entendimiento de la Paz y Conflicto: Aprendo sobre los conceptos de paz y conflicto, incluyendo las causas comunes de los conflictos y las estrategias para resolverlos de manera pacífica."
716,117,PROMOTOR DE LA PAZ,2,"Habilidades de Mediación y Resolución de Conflictos: Practico técnicas de mediación y resolución de conflictos, como la escucha activa, la empatía y la negociación, y demuestro mi capacidad para aplicarlas en situaciones simuladas."
717,117,PROMOTOR DE LA PAZ,2,"Promoción de la Cooperación: Organizo y lidero una actividad que fomente la cooperación y el trabajo en equipo en mi grupo o comunidad, promoviendo valores de respeto y comprensión."
718,117,PROMOTOR DE LA PAZ,2,"Proyecto de Servicio Comunitario: Desarrollo y ejecuto un proyecto de servicio comunitario que tenga como objetivo la promoción de la paz, como una campaña de concienciación, un evento de diálogo intercultural, o una actividad de voluntariado."
719,117,PROMOTOR DE LA PAZ,2,"Estudio de Líderes por la Paz: Investigo y presento sobre al menos dos líderes o figuras históricas que hayan trabajado por la paz, describiendo sus contribuciones y el impacto de su trabajo."
720,117,PROMOTOR DE LA PAZ,2,Reflexión Personal: Escribo una reflexión personal sobre la importancia de la paz y cómo puedo aplicar las habilidades y conocimientos adquiridos para promover la paz en mi vida diaria y en mi comunidad.
721,118,SALUD MENTAL Y BIENESTAR,2,Importancia de la Salud Mental: Aprendo sobre la importancia de la salud mental y el bienestar emocional.
722,118,SALUD MENTAL Y BIENESTAR,2,"Técnicas de Manejo del Estrés: Practico técnicas de manejo del estrés y la ansiedad (meditación, respiración, ejercicio, etc.)."
723,118,SALUD MENTAL Y BIENESTAR,2,Plan Personal de Bienestar: Creo un plan personal de bienestar y lo sigo durante un mes.
724,118,SALUD MENTAL Y BIENESTAR,2,Participación en Talleres: Participo en un taller o curso sobre salud mental.
725,118,SALUD MENTAL Y BIENESTAR,2,Recursos de Apoyo Emocional: Aprendo sobre los recursos disponibles para apoyo emocional y salud mental.
726,118,SALUD MENTAL Y BIENESTAR,2,Campaña de Concienciación: Desarrollar una campaña de concienciación sobre salud mental en tu escuela o comunidad.
727,119,SALVAVIDAS,2,"Natación y Resistencia: Demuestro mi habilidad para nadar al menos 100 metros sin parar, utilizando diferentes estilos de natación como crol, braza y espalda."
728,119,SALVAVIDAS,2,"Técnicas de Rescate Acuático: Aprendo y practico técnicas básicas de rescate acuático, incluyendo el nado de rescate, el remolque de una víctima y el uso de dispositivos de flotación."
729,119,SALVAVIDAS,2,Primeros Auxilios y RCP: Aprendo y demuestro conocimientos en primeros auxilios y reanimación cardiopulmonar (RCP) específicos para víctimas de accidentes acuáticos.
730,119,SALVAVIDAS,2,"Evaluación de Riesgos y Prevención de Accidentes: Conozco y aplico las normas de seguridad en entornos acuáticos, identificando peligros potenciales y desarrollando estrategias para prevenir accidentes."
731,119,SALVAVIDAS,2,"Simulación de Emergencias: Participo en simulaciones de emergencias acuáticas, donde aplico todas las habilidades aprendidas en situaciones simuladas de rescate y primeros auxilios."
732,119,SALVAVIDAS,2,"Servicio Comunitario: Organizo o participo en una actividad de promoción de la seguridad acuática en mi comunidad, como una charla educativa, una campaña de concienciación o una demostración de rescate."
733,120,ACECHADOR,2,"Habilidades de Observación: Aprendo y practico técnicas de observación, incluyendo el uso de binoculares y cámaras, y la identificación de señales y rastros de animales en su hábitat natural."
734,120,ACECHADOR,2,"Técnicas de Sigilo: Practico técnicas de sigilo para moverme sin ser detectado en diferentes tipos de terreno, aprendiendo a caminar en silencio, a usar la cobertura natural y a evitar dejar rastros."
735,120,ACECHADOR,2,"Identificación de Flora y Fauna: Investigo y aprendo a identificar al menos diez especies de plantas y diez especies de animales locales, comprendiendo su comportamiento, hábitat y el papel que desempeñan en el ecosistema."
736,120,ACECHADOR,2,"Construcción de Refugios Naturales: Construyo un refugio temporal utilizando materiales naturales y técnicas de bajo impacto ambiental, asegurándome de dejar el menor rastro posible."
737,120,ACECHADOR,2,"Proyecto de Conservación: Desarrollo y participo en un proyecto de conservación de la naturaleza, como la recolección de basura en un área natural, la plantación de árboles o la restauración de hábitats."
738,120,ACECHADOR,2,"Jornadas de Observación: Realizo al menos dos jornadas de observación en diferentes entornos naturales, documentando mis observaciones y reflexionando sobre la importancia de la conservación y el respeto por la vida silvestre."
739,121,ACUARISTA,2,"Conocimiento de los Componentes del Acuario: Aprendo sobre los diferentes componentes de un acuario, incluyendo el tanque, el sistema de filtración, la iluminación, el calentador y los sustratos, y su importancia para mantener un ambiente saludable."
740,121,ACUARISTA,2,"Selección y Cuidado de Peces: Investigo y elijo al menos cinco especies de peces adecuadas para un acuario doméstico, aprendiendo sobre sus necesidades específicas de alimentación, temperatura y comportamiento."
741,121,ACUARISTA,2,"Montaje y Mantenimiento del Acuario: Participo en el montaje de un acuario, incluyendo la instalación del equipo necesario, la adición de agua tratada y el ciclo del tanque antes de introducir los peces."
742,121,ACUARISTA,2,"Alimentación y Salud de los Peces: Aprendo a alimentar adecuadamente a los peces, incluyendo la selección de alimentos balanceados y la identificación y tratamiento de enfermedades comunes en los peces de acuario."
743,121,ACUARISTA,2,"Control de Calidad del Agua: Aprendo a realizar pruebas de calidad del agua para medir parámetros como pH, amoníaco, nitritos y nitratos, y a ajustar estos niveles para mantener un ambiente saludable para los peces."
744,121,AVICULTOR,2,"Conocimiento de Especies Avícolas: Aprendo sobre al menos tres especies de aves de corral, como pollos, patos y codornices, incluyendo sus características, necesidades y beneficios de cada una."
745,122,AVICULTOR,2,"Diseño y Mantenimiento de Gallineros: Diseño y participo en la construcción o mantenimiento de un gallinero, asegurándome de que proporcione un ambiente seguro y cómodo para las aves, incluyendo la disposición adecuada de espacio, perchas y nidos."
746,122,AVICULTOR,2,"Alimentación y Nutrición: Aprendo sobre las necesidades alimenticias de las aves de corral y preparo un plan de alimentación balanceado, asegurando que reciban los nutrientes necesarios para su salud y productividad."
747,122,AVICULTOR,2,"Salud y Cuidado de las Aves: Identifico y aprendo a tratar enfermedades comunes en las aves de corral, y practico técnicas de cuidado preventivo, como la vacunación y el manejo adecuado del entorno."
748,122,AVICULTOR,2,"Producción de Huevos y Carne: Investigo y explico el proceso de producción de huevos y carne, incluyendo la recolección, almacenamiento y procesamiento adecuado, y la importancia de la higiene en cada etapa."
749,123,BOTÁNICO,2,"Conocimiento de Plantas: Investigo y aprendo sobre al menos diez especies de plantas, incluyendo sus características, hábitats y usos. Realizo un herbario o un álbum de fotos documentando estas plantas."
750,123,BOTÁNICO,2,"Identificación y Clasificación: Aprendo a identificar y clasificar plantas utilizando claves de identificación y libros de referencia, reconociendo las principales familias y géneros."
751,123,BOTÁNICO,2,"Cultivo y Cuidado de Plantas: Practico técnicas de cultivo, incluyendo la siembra, trasplante, riego y fertilización, cultivando al menos cinco tipos de plantas diferentes en un jardín, macetas o un huerto escolar."
752,123,BOTÁNICO,2,"Conservación de la Flora: Investigo sobre la importancia de la conservación de las plantas y participo en un proyecto de conservación, como la reforestación, la creación de un jardín botánico escolar o la promoción de plantas nativas en la comunidad."
753,123,BOTÁNICO,2,"Enfermedades y Plagas: Aprendo a identificar y manejar enfermedades y plagas comunes en las plantas, utilizando métodos ecológicos y sostenibles para su control."
754,123,BOTÁNICO,2,"Proyecto Educativo sobre Botánica: Desarrollo y presento un proyecto educativo sobre la importancia de las plantas, sus beneficios ecológicos y su conservación, dirigiéndome a mi grupo, escuela o comunidad."
755,124,CABUYERÍA,2,"Conocimiento de Materiales y Herramientas: Aprendo sobre los diferentes tipos de cuerdas y sus usos específicos, así como sobre las herramientas básicas utilizadas en cabuyería, como la soga y el mosquetón."
756,124,CABUYERÍA,2,"Nudos Básicos: Practico y demuestro la habilidad para realizar al menos diez nudos básicos, incluyendo el nudo llano, el nudo de ocho, el nudo de escota, el nudo de as de guía y el nudo de ballestrinque."
757,124,CABUYERÍA,2,"Amarres y Encordados: Aprendo a realizar al menos cinco tipos de amarres y encordados, como el amarre cuadrado, el amarre diagonal, el amarre de trípode y el encordado de paracaídas, aplicándolos en situaciones prácticas."
758,124,CABUYERÍA,2,"Aplicaciones Prácticas: Demuestro la aplicación de nudos y amarres en al menos tres situaciones prácticas, como la construcción de una tienda de campaña, la creación de una camilla improvisada o la instalación de una línea de vida."
759,124,CABUYERÍA,2,"Mantenimiento y Seguridad: Conozco y practico el mantenimiento adecuado de las cuerdas y herramientas de cabuyería, así como las normas de seguridad necesarias para evitar accidentes y asegurar la durabilidad del equipo."
760,124,CABUYERÍA,2,"Proyecto de Cabuyería: Desarrollo y ejecuto un proyecto que involucre el uso de nudos y amarres, como la construcción de una estructura temporal, una actividad de escalada o una demostración educativa para mi grupo, escuela o comunidad."
761,125,CAMPISMO,2,"Planificación de una Acampada: Aprendo a planificar una acampada, incluyendo la selección del lugar, la preparación del equipo necesario y la elaboración de un itinerario que contemple actividades y medidas de seguridad."
762,125,CAMPISMO,2,"Montaje y Desmontaje de Tiendas de Campaña: Practico el montaje y desmontaje de diferentes tipos de tiendas de campaña, asegurándome de que estén correctamente instaladas y protegidas contra el clima."
763,125,CAMPISMO,2,"Construcción de Refugios Naturales: Aprendo a construir refugios temporales utilizando materiales naturales disponibles en el entorno, garantizando que sean seguros y funcionales."
764,125,CAMPISMO,2,"Cocina al Aire Libre: Preparo al menos tres comidas utilizando métodos de cocina al aire libre, como la fogata, el hornillo portátil o la parrilla, siguiendo principios de seguridad alimentaria y ecológica."
765,125,CAMPISMO,2,"Orientación y Navegación: Demuestro habilidades de orientación y navegación en la naturaleza, utilizando mapas, brújulas y técnicas de orientación natural para planificar y seguir una ruta."
766,125,CAMPISMO,2,"Cuidado y Conservación del Entorno Natural: Practico principios de mínimo impacto ambiental, como dejar sin rastro, gestión de residuos y respeto por la flora y fauna local, contribuyendo a la conservación del entorno natural."
767,126,CONSTRUCCIONES PIONERAS,2,"Conocimiento de Materiales y Herramientas: Aprendo sobre los diferentes tipos de materiales y herramientas utilizados en las construcciones pioneras, incluyendo maderas, cuerdas y herramientas manuales."
768,126,CONSTRUCCIONES PIONERAS,2,"Nudos y Amarres Básicos: Practico y demuestro la habilidad para realizar al menos cinco nudos y amarres esenciales, como el nudo llano, el nudo de as de guía, el nudo de ballestrinque, el amarre cuadrado y el amarre diagonal."
769,126,CONSTRUCCIONES PIONERAS,2,"Diseño y Planificación de Proyectos: Aprendo a diseñar y planificar un proyecto de construcción pionera, incluyendo la creación de planos y la lista de materiales necesarios."
770,126,CONSTRUCCIONES PIONERAS,2,"Construcción de Estructuras Básicas: Participo en la construcción de al menos tres estructuras pioneras básicas, como un trípode, una mesa de campo, y una torre de observación, utilizando técnicas adecuadas y seguras."
771,126,CONSTRUCCIONES PIONERAS,2,"Mantenimiento y Seguridad en Construcciones: Conozco y practico las normas de seguridad en la construcción de estructuras pioneras, incluyendo el mantenimiento adecuado de las herramientas y la supervisión de las construcciones para garantizar su estabilidad y seguridad."
772,126,CONSTRUCCIONES PIONERAS,2,"Proyecto de Construcción Avanzada: Desarrollo y ejecuto un proyecto de construcción pionera más avanzado, como un puente colgante, una cocina de campamento o un refugio elevado, demostrando todas las habilidades adquiridas y documentando el proceso y los resultados."
773,127,CONSERVACIONISTA,2,"Conocimiento de Ecosistemas y Biodiversidad: Investigo y aprendo sobre al menos tres ecosistemas diferentes y su biodiversidad, incluyendo los animales y plantas que los habitan, y la importancia de cada uno en el equilibrio ecológico."
774,127,CONSERVACIONISTA,2,"Reducción y Manejo de Residuos: Practico y demuestro técnicas de reducción, reutilización y reciclaje de residuos en mi hogar, escuela o comunidad, explicando cómo estas acciones ayudan a conservar el medio ambiente."
775,127,CONSERVACIONISTA,2,"Proyecto de Conservación de la Naturaleza: Desarrollo y participo en un proyecto de conservación, como la reforestación de un área, la limpieza de un río o playa, o la creación de un jardín de plantas nativas."
776,127,CONSERVACIONISTA,2,"Educación Ambiental: Organizo y llevo a cabo una actividad educativa sobre la importancia de la conservación, como una presentación, un taller o una campaña de concienciación en mi comunidad."
777,127,CONSERVACIONISTA,2,"Estudio de Especies en Peligro: Investigo y presento sobre al menos dos especies en peligro de extinción, describiendo las amenazas que enfrentan y las acciones que se pueden tomar para su protección."
778,127,CONSERVACIONISTA,2,"Conservación del Agua y la Energía: Aprendo y aplico técnicas para conservar agua y energía en mi vida diaria, como el uso de dispositivos de bajo consumo, la implementación de prácticas de ahorro de agua y la promoción de energías renovables."
779,128,ENTOMÓLOGO,2,"Conocimiento de los Insectos: Aprendo sobre la clasificación y las características básicas de los insectos, incluyendo las diferencias entre órdenes y familias, y su ciclo de vida."
780,128,ENTOMÓLOGO,2,"Colección y Observación de Insectos: Recolecto y observo al menos diez especies diferentes de insectos, documentando sus características y comportamientos, y creando un diario de campo con mis observaciones."
781,128,ENTOMÓLOGO,2,"Identificación de Especies: Utilizo guías de campo y claves de identificación para identificar correctamente al menos cinco especies de insectos, describiendo sus características distintivas y su hábitat."
782,128,ENTOMÓLOGO,2,"Estudio de un Ecosistema Local: Realizo un estudio de los insectos en un ecosistema local, observando su diversidad y el papel que juegan en el equilibrio ecológico, y presento mis hallazgos a mi grupo o comunidad."
783,128,ENTOMÓLOGO,2,"Impacto de los Insectos en la Agricultura y la Salud: Investigo y presento sobre el impacto de los insectos en la agricultura, la salud humana y el medio ambiente, incluyendo tanto los beneficios (como la polinización) como las amenazas (como plagas y vectores de enfermedades)."
784,128,ENTOMÓLOGO,2,"Proyecto de Conservación de Insectos: Desarrollo y participo en un proyecto de conservación que beneficie a los insectos, como la creación de un jardín de polinizadores, la instalación de hoteles de insectos o la promoción de prácticas agrícolas sostenibles."
785,129,EXCURSIONISTA,2,"Planificación de Excursiones: Aprendo a planificar una excursión, incluyendo la selección de la ruta, la preparación del equipo necesario, la consideración del clima y la elaboración de un itinerario detallado."
786,129,EXCURSIONISTA,2,"Orientación y Navegación: Demuestro habilidades de orientación y navegación utilizando mapas, brújulas y técnicas de orientación natural para seguir una ruta y no perderme en el camino."
787,129,EXCURSIONISTA,2,"Seguridad al Aire Libre: Conozco y aplico las normas de seguridad al aire libre, incluyendo la identificación de riesgos, la prevención de accidentes y la actuación en caso de emergencia."
788,129,EXCURSIONISTA,2,"Cuidado y Conservación del Entorno Natural: Practico principios de mínimo impacto ambiental, como dejar sin rastro, gestión de residuos y respeto por la flora y fauna local, contribuyendo a la conservación del entorno natural."
789,129,EXCURSIONISTA,2,"Participación en Excursiones: Participo en al menos tres excursiones, cada una de un día completo, aplicando todas las habilidades aprendidas y reflejando sobre la experiencia."
790,129,EXCURSIONISTA,2,"Proyecto de Servicio Ambiental: Desarrollo y ejecuto un proyecto de servicio ambiental relacionado con el senderismo, como la limpieza de senderos, la instalación de señalización o la promoción del senderismo responsable en mi comunidad."
791,130,FORESTAL,2,"Conocimiento de los Bosques: Aprendo sobre los diferentes tipos de bosques, sus características, la biodiversidad que albergan y su importancia ecológica y económica."
792,130,FORESTAL,2,"Identificación de Árboles y Plantas: Identifico y describo al menos diez especies de árboles y plantas comunes en los bosques de mi región, incluyendo sus características y su papel en el ecosistema."
793,130,FORESTAL,2,"Reforestación y Plantación de Árboles: Participo en actividades de reforestación, aprendiendo y practicando técnicas de plantación de árboles y el cuidado de las plántulas."
794,130,FORESTAL,2,"Prevención de Incendios Forestales: Aprendo sobre las causas y consecuencias de los incendios forestales, y practico medidas de prevención y respuesta ante incendios, incluyendo la creación de cortafuegos y el uso de herramientas básicas de extinción."
795,130,FORESTAL,2,"Gestión Sostenible de Recursos Forestales: Investigo y presento sobre prácticas de gestión sostenible de los recursos forestales, como el manejo de madera, la conservación de la biodiversidad y la promoción de productos forestales no maderables."
796,130,FORESTAL,2,"Proyecto de Conservación Forestal: Desarrollo y participo en un proyecto de conservación forestal en mi comunidad, como la creación de senderos educativos, la instalación de señalización para la protección de áreas sensibles o la organización de campañas de concienciación"
797,131,GESTOR DE VIDA SILVESTRE,2,"Conocimiento de la Vida Silvestre: Aprendo sobre la importancia de la vida silvestre en los ecosistemas y las principales amenazas que enfrentan, como la pérdida de hábitat, la caza furtiva y el cambio climático."
798,131,GESTOR DE VIDA SILVESTRE,2,"Identificación de Especies Locales: Identifico y estudio al menos diez especies de fauna local, incluyendo sus características, comportamiento y el papel que desempeñan en el ecosistema."
799,131,GESTOR DE VIDA SILVESTRE,2,"Observación y Registro de Vida Silvestre: Realizo observaciones de campo, documentando la presencia y comportamiento de la fauna local en un diario de campo, incluyendo fotografías y descripciones detalladas."
800,131,GESTOR DE VIDA SILVESTRE,2,"Proyectos de Conservación: Participo en al menos un proyecto de conservación de vida silvestre, como la restauración de hábitats, la creación de corredores de vida silvestre o la instalación de refugios y cajas nido."
801,131,GESTOR DE VIDA SILVESTRE,2,"Educación y Concienciación: Desarrollo y llevo a cabo una actividad educativa sobre la importancia de la conservación de la vida silvestre, como una presentación, un taller o una campaña de concienciación en mi comunidad."
802,132,HORTICULTOR,2,"Conocimiento de Plantas y Suelos: Aprendo sobre los diferentes tipos de plantas hortícolas y ornamentales, así como sobre las características de los suelos y su preparación para el cultivo."
803,132,HORTICULTOR,2,"Preparación y Siembra: Preparo un área de cultivo, selecciono las semillas o plántulas adecuadas y realizo la siembra siguiendo prácticas hortícolas recomendadas."
804,132,HORTICULTOR,2,"Cuidado y Mantenimiento de Cultivos: Aprendo y aplico técnicas de riego, fertilización, control de malezas y protección contra plagas y enfermedades, asegurando el crecimiento saludable de las plantas."
805,132,HORTICULTOR,2,"Técnicas de Propagación: Practico al menos dos métodos de propagación de plantas, como el esqueje, la división o el injerto, y explico su importancia en la horticultura."
806,132,HORTICULTOR,2,"Cosecha y Conservación de Productos: Cosecho y conservo al menos tres tipos de cultivos, aprendiendo métodos de almacenamiento y preservación para mantener la calidad de los productos hortícolas."
807,132,HORTICULTOR,2,"Proyecto de Horticultura Comunitaria: Desarrollo y participo en un proyecto de horticultura en mi comunidad, como la creación de un huerto escolar, la implementación de un jardín comunitario o la promoción de prácticas de horticultura sostenible."
808,133,JARDINERO,2,"Conocimiento de Plantas de Jardín: Aprendo sobre al menos diez especies de plantas ornamentales comunes en los jardines, incluyendo sus características, necesidades de crecimiento y cuidados específicos."
809,133,JARDINERO,2,"Diseño y Planificación de Jardines: Diseño un jardín ornamental, considerando la selección de plantas, la disposición de las áreas de plantación y la estética general del espacio."
810,133,JARDINERO,2,"Preparación del Suelo y Siembra: Preparo el suelo adecuadamente para la siembra, aprendiendo sobre enmiendas del suelo, compostaje y técnicas de siembra directa y trasplante de plántulas."
811,133,JARDINERO,2,"Cuidado y Mantenimiento del Jardín: Practico técnicas de riego, fertilización, poda y control de plagas y enfermedades, asegurando el crecimiento saludable de las plantas en mi jardín."
812,133,JARDINERO,2,"Propagación de Plantas: Realizo al menos dos métodos de propagación de plantas, como esquejes, acodos o división, y explico la importancia de cada método en la jardinería."
813,133,JARDINERO,2,"Proyecto de Jardinería Comunitaria: Desarrollo y participo en un proyecto de jardinería en mi comunidad, como la creación de un jardín escolar, la implementación de un jardín comunitario o la promoción de prácticas de jardinería sostenible."
814,134,RECICLADOR,2,"Conocimiento de Materiales Reciclables: Aprendo sobre los diferentes tipos de materiales reciclables, como papel, cartón, vidrio, plásticos, metales y residuos orgánicos, y cómo se clasifican y procesan para su reciclaje."
815,134,RECICLADOR,2,"Clasificación de Residuos: Practico la clasificación de residuos en mi hogar, escuela o comunidad, separando correctamente los materiales reciclables de los no reciclables y aprendiendo sobre los símbolos de reciclaje."
816,134,RECICLADOR,2,"Creación de un Sistema de Reciclaje: Diseño e implemento un sistema de reciclaje en mi hogar, escuela o comunidad, incluyendo la instalación de contenedores de reciclaje claramente etiquetados y la educación a otros sobre su uso adecuado."
817,134,RECICLADOR,2,"Reutilización y Reducción de Residuos: Desarrollo al menos dos proyectos de reutilización creativa de materiales reciclables, como la creación de artesanías, muebles o juguetes, y promuevo prácticas de reducción de residuos en mi entorno."
818,134,RECICLADOR,2,"Visita a una Planta de Reciclaje: Organizo o participo en una visita a una planta de reciclaje local, aprendiendo sobre el proceso de reciclaje, desde la recolección hasta la transformación de materiales reciclables en nuevos productos."
819,135,OBSERVADOR,2,"Habilidades de Observación: Aprendo y practico técnicas de observación detallada, utilizando binoculares, lupas y cámaras para captar imágenes y detalles de la naturaleza."
820,135,OBSERVADOR,2,"Registro de Observaciones: Mantengo un diario de campo donde documento mis observaciones sobre al menos diez especies de plantas y diez especies de animales, incluyendo descripciones, comportamientos y hábitats."
821,135,OBSERVADOR,2,"Identificación de Especies: Utilizo guías de campo y claves de identificación para identificar correctamente al menos cinco especies de plantas y cinco especies de animales, describiendo sus características distintivas."
822,135,OBSERVADOR,2,"Realización de Excursiones de Observación: Participo en al menos tres excursiones de observación en diferentes entornos naturales, aplicando todas las habilidades aprendidas y reflexionando sobre las experiencias."
823,135,OBSERVADOR,2,"Proyecto de Conservación: Desarrollo y participo en un proyecto de conservación relacionado con la observación de la naturaleza, como la creación de un sendero educativo, la instalación de cajas nido o la promoción de la biodiversidad local."
824,135,OBSERVADOR,2,"Presentación de Hallazgos: Organizo y presento una exposición o una charla sobre mis observaciones y descubrimientos a mi grupo, escuela o comunidad, compartiendo lo aprendido y promoviendo la conservación de la naturaleza."
825,136,ORNITÓLOGO,2,"Conocimiento de Aves: Aprendo sobre las características generales de las aves, incluyendo su anatomía, comportamiento, y el papel que desempeñan en el ecosistema."
826,136,ORNITÓLOGO,2,"Identificación de Especies de Aves: Utilizo guías de campo y binoculares para identificar correctamente al menos diez especies de aves en mi área local, describiendo sus características, cantos y comportamientos."
827,136,ORNITÓLOGO,2,"Registro de Observaciones: Mantengo un diario de campo donde documento mis observaciones sobre las aves, incluyendo fechas, lugares, descripciones detalladas y comportamientos observados."
828,136,ORNITÓLOGO,2,"Construcción de Refugios para Aves: Aprendo a construir y coloco al menos dos cajas nido o comederos para aves, contribuyendo a su bienestar y observando su uso por las aves locales."
829,136,ORNITÓLOGO,2,"Participación en Programas de Conservación: Participo en al menos un programa de conservación de aves, como censos de aves, proyectos de monitoreo o campañas de protección de hábitats."
830,136,ORNITÓLOGO,2,"Educación y Concienciación: Desarrollo y llevo a cabo una actividad educativa sobre la importancia de las aves y su conservación, como una presentación, un taller o una campaña en mi comunidad."
831,137,PESCADOR,2,"Conocimiento de Especies de Peces: Aprendo sobre al menos cinco especies de peces comunes en las aguas locales, incluyendo sus características, hábitats y comportamientos."
832,137,PESCADOR,2,"Equipo y Técnicas de Pesca: Aprendo sobre el equipo básico de pesca, incluyendo cañas, anzuelos, carretes y cebos, y practico al menos dos técnicas de pesca, como la pesca con mosca y la pesca con señuelo."
833,137,PESCADOR,2,"Regulaciones y Conservación: Investigo y explico las regulaciones locales de pesca, incluyendo las tallas mínimas y las temporadas de veda, y discuto la importancia de la pesca sostenible y la conservación de los recursos acuáticos."
834,137,PESCADOR,2,"Seguridad en la Pesca: Conozco y practico las normas de seguridad durante la pesca, incluyendo el uso de chalecos salvavidas, la manipulación segura del equipo y la prevención de accidentes en el agua."
835,137,PESCADOR,2,"Limpieza y Cuidado del Pescado: Aprendo y demuestro cómo limpiar y preparar adecuadamente el pescado capturado para el consumo, asegurándome de seguir prácticas higiénicas y responsables."
836,137,PESCADOR,2,"Proyecto de Conservación Acuática: Desarrollo y participo en un proyecto de conservación relacionado con los ecosistemas acuáticos, como la limpieza de ríos o lagos, la reforestación de riberas o la promoción de prácticas de pesca sostenible en mi comunidad."
837,138,ORIENTACIÓN,2,"Lectura de Mapas: Aprendo a leer e interpretar diferentes tipos de mapas, incluyendo topográficos, de carreteras y de senderos, identificando símbolos, escalas y coordenadas."
838,138,ORIENTACIÓN,2,"Uso de la Brújula: Demuestro habilidad en el uso de la brújula para determinar direcciones, tomar rumbos y seguir trayectorias en el campo."
839,138,ORIENTACIÓN,2,"Orientación con Técnicas Naturales: Aprendo y practico al menos tres técnicas de orientación natural, como la observación del sol, las estrellas y la vegetación, para encontrar direcciones sin el uso de mapas o brújulas."
840,138,ORIENTACIÓN,2,"Planificación de una Ruta: Planifico y ejecuto una ruta de orientación, utilizando un mapa y una brújula para navegar por un área desconocida, asegurándome de tener en cuenta la seguridad y las condiciones del terreno."
841,138,ORIENTACIÓN,2,"Resolución de Problemas de Navegación: Participo en actividades o simulaciones donde debo resolver problemas de navegación, como desviaciones de ruta o la identificación de puntos de referencia en el terreno."
842,138,ORIENTACIÓN,2,"Proyecto de Enseñanza: Desarrollo y llevo a cabo una actividad educativa para enseñar a otros sobre las habilidades de orientación, como un taller práctico o una demostración en un evento comunitario."
843,139,TRASMISIONISTA,2,"Conocimiento de Equipos de Transmisión: Aprendo sobre los diferentes tipos de equipos de transmisión, como radios de banda ciudadana (CB), radios de alta frecuencia (HF) y radios de muy alta frecuencia (VHF), y sus aplicaciones."
844,139,TRASMISIONISTA,2,"Operación Básica de Radios: Demuestro cómo operar correctamente un radio de dos vías, incluyendo encendido/ apagado, ajuste de frecuencia, uso de canales y transmisión de mensajes."
845,139,TRASMISIONISTA,2,Código Fonético y Procedimientos de Comunicación: Aprendo y practico el uso del alfabeto fonético internacional y los procedimientos de comunicación estándar para asegurar claridad y precisión en los mensajes.
846,139,TRASMISIONISTA,2,"Configuración y Mantenimiento de Equipos: Aprendo a configurar y mantener los equipos de transmisión, incluyendo la instalación de antenas, el ajuste de los equipos y el cuidado de los dispositivos para garantizar un funcionamiento óptimo."
847,139,TRASMISIONISTA,2,"Simulaciones de Comunicación de Emergencia: Participo en simulaciones donde uso equipos de transmisión para coordinar operaciones de emergencia, practicando habilidades de comunicación en situaciones críticas."
848,140,ACTOR,3,"Explica lo básico acerca de la historia del teatro, dónde y cuánto se inició y cuándo fue su apogeo."
849,140,ACTOR,3,"Investiga  y  explica  al  menos  tres  expresiones  básicas  del  teatro  (drama, comedia, ficción)"
850,140,ACTOR,3,"Explica  la  importancia  de  la  iluminación,  vestuario,  maquillaje,  sonido  y escenografía en una obra teatral."
851,140,ACTOR,3,Menciona el nombre de 5 actores o actrices nacionales.
852,140,ACTOR,3,Escribe un guion y represéntalo con tu equipo
853,140,ACTOR,3,"Interpreta un monólogo breve de una obra de tu agrado, tomando en cuenta una buena vocalización."
854,140,ACTOR,3,"Realiza  tres  caracterizaciones  de  distintos  personajes,  teniendo  en  cuenta maquillaje, vestuario y expresión corporal."
855,140,ACTOR,3,Presenta un programa de pantomima de al menos 5 actos a tu Unidad.
856,140,ACTOR,3,"Demostrar que es capaz de conectarse con el público, haciendo sentir al mismo parte del teatro, como en un diálogo donde el público es la segunda persona que no te responde"
857,140,ACTOR,3,Memoriza un libreto de por lo menos 20 minutos de duración.
858,140,ACTOR,3,Demuestra que conoces  al  menos  3  obras  de  teatro clásicas y tres  obras nacionales.
859,140,ACTOR,3,Elabora una obra de teatro de por lo menos 15 minutos tomando en cuenta todos tus conocimientos teatrales.
860,140,ACTOR,3,"Preparar  con  tiempo  de  anticipación  y  presentar  la  obra  teatral  que preparaste en tu unidad, grupo o distrito."
861,140,ACTOR,3,"Pertenece a un elenco teatral de tu barrio, colegio, parroquia o grupo scout. Si no existiese, promueve su formación."
862,141,AEROMODELISMO,3,Explica   la   mecánica   de   vuelo   y   menciona   los   tipos   de   aviones   en aeromodelismo.
863,141,AEROMODELISMO,3,Explica cuales son las partes de un motor de aeromodelismo.
864,141,AEROMODELISMO,3,Explica los diferentes tipos de materiales de construcción de un modelo de aeromodelismo e indica en qué partes del modelo se utilizan.
865,141,AEROMODELISMO,3,Indica las características de una buena madera de balsa y en qué puntos del modelo se puede utilizar.
866,141,AEROMODELISMO,3,"Explica la importancia del balanceado, centrado y diedro del ala."
867,141,AEROMODELISMO,3,Demuestra que conoces todas las categorías de aeromodelos y las piruetas más importantes en vuelos radiocontrolados.
868,141,AEROMODELISMO,3,Describe las herramientas necesarias para la construcción de aeromodelos.
869,141,AEROMODELISMO,3,"Diseña y construye un modelo de pequeñas dimensiones (Fuselaje balsa 4 cm, ala balsa 2 cm, envergadura 25 cm, largo de fuselaje 25 cm, estabilizador 8 cm."
870,142,AGRICULTOR,3,Investiga y explica como esta conformado el suelo.
871,142,AGRICULTOR,3,Explica como se debe de conservar y preparar el suelo para la agricultura.
872,142,AGRICULTOR,3,"Averigua y explica cuales son las herramientas y maquinarias, que se usan para agricultura."
873,142,AGRICULTOR,3,Infórmate  sobre  diferentes tipos de ganados existentes en tu Departamento como también de las especies nativas del mismo.
874,142,AGRICULTOR,3,"Explica cual es la importancia de la rotación de cultivos y la eliminación de plagas, de forma no contaminantes."
875,142,AGRICULTOR,3,Explica los tipos y técnicas de cultivo que se utilizan en tu Departamento.
876,142,AGRICULTOR,3,Explica que es la agricultura orgánica
877,142,AGRICULTOR,3,"Prepara  para  toda  tu  unidad,  una  exposición  con  todo  lo  investigado anteriormente."
878,142,AGRICULTOR,3,Fabrica abono con elementos no contaminantes.
879,142,AGRICULTOR,3,Realiza una exposición para todo el grupo de la importancia de la agricultura para el país
880,142,AGRICULTOR,3,"Organiza junto a tu Unidad, una salida a una finca o hacienda y colaboren en la reparación de cercas, alimentación de animales, etc."
881,142,AGRICULTOR,3,"Prepara un pedazo de tierra, para su cultivo. En ella: Ara, siembra, cosecha, empaca y transporta lo cultivado en el tiempo adecuado."
882,143,AJEDREZ,3,Investiga y explica la historia del ajedrez.
883,143,AJEDREZ,3,Investiga y explica quienes fueron o son los mayores exponentes del ajedrez.
884,143,AJEDREZ,3,Explica las reglas internacionales del ajedrez.
885,143,AJEDREZ,3,Conoce al menos cinco aperturas.
886,143,AJEDREZ,3,Conoce dos formas diferentes de llevar la anotación de una partida.
887,143,AJEDREZ,3,Conoce las reglas internacionales de una partida de ajedrez y de un torneo.
888,143,AJEDREZ,3,Conoce cinco defensas diferentes.
889,143,AJEDREZ,3,"Prepara  para  toda  tu  unidad,  una  exposición  con  todo  lo  investigado anteriormente"
890,143,AJEDREZ,3,reproduce  10  partidas  famosas  siguiendo  la  anotación  y  explícalas  a  un experto.
891,143,AJEDREZ,3,Usa correctamente el reloj de juego.
892,143,AJEDREZ,3,Organiza un torneo en tu unidad o grupo.
893,143,AJEDREZ,3,Participa en uno o más torneos.
894,144,ALFABETIZADOR,3,Investiga y explica los niveles de analfabetismo en el país y en tu departamento.
895,144,ALFABETIZADOR,3,Investiga y explica si hay alguna institución dedicada a la alfabetización en tu departamento o ciudad y contáctala.
896,144,ALFABETIZADOR,3,Capacítate como alfabetizador en la institución correspondiente.
897,144,ALFABETIZADOR,3,"Coordina acciones específicas en actividades de alfabetización, ya sea que las realice tu grupo, escuela u otra organización."
898,144,ALFABETIZADOR,3,Participa como alfabetizador en alguna campaña o proyecto que se realiza en tu Departamento.
899,144,ALFABETIZADOR,3,Diseña y coordina un programa de promoción cultural para tu unidad y grupo scout.
900,144,ALFABETIZADOR,3,Promueve y organiza la realización de talleres y actividades culturales en tu colegio.
901,144,ALFABETIZADOR,3,"Realiza un proyecto de difusión de la cultura nacional, en tu ciudad."
902,144,ALFABETIZADOR,3,"9.	Elabora un artículo sobre la experiencia al participar en la alfabetización de otra(s) persona(s), o en el incremento de su nivel cultural, publícalo en el mural o boletín de tu grupo o unidad."
903,145,AMIGO DEL MUNDO,3,Investiga y explica la historia y geografía de por lo menos tres países de cada continente.
904,145,AMIGO DEL MUNDO,3,"Investiga y explica la geografía, economía, organización social, organización política, costumbres y religión de por lo menos cinco países de diferente idioma."
905,145,AMIGO DEL MUNDO,3,"Averigua y explica  la capital, moneda, presidente actual y la bandera de al menos 30 países."
906,145,AMIGO DEL MUNDO,3,Explica los principales problemas que afectan a los países del tercer mundo
907,145,AMIGO DEL MUNDO,3,Explica que es la globalización.
908,145,AMIGO DEL MUNDO,3,"Explica sobre la Organización del Movimiento Scout y la Asociación Mundial de las Guías Scouts, como también su distribución por el mundo."
909,145,AMIGO DEL MUNDO,3,"Recopila información, sobre el trabajo de otras organizaciones internacionales de cooperación y servicio."
910,145,AMIGO DEL MUNDO,3,Reconoce los principales problemas mundiales.
911,145,AMIGO DEL MUNDO,3,"Escoge un país de cualquier parte del mundo y realiza un mural con: Geografía, economía, organización social, producción, costumbres, etc. Te sugerimos colocar el mural en tu rincón de equipo."
912,145,AMIGO DEL MUNDO,3,Participa en un evento internacional y conoce la mayor cantidad de gente posible.
913,145,AMIGO DEL MUNDO,3,Mantén correspondencia con por lo menos 7 amigos de diferentes países.
914,145,AMIGO DEL MUNDO,3,Consigue pañoletas y/o insignias scouts de 10 países.
915,146,AMIGO DE MI PAIS,3,Explica la historia y geografía de nuestro país.
916,146,AMIGO DE MI PAIS,3,Investiga	y explica cuales son las principales fuentes de ingresos para los habitantes de nuestro país.
917,146,AMIGO DE MI PAIS,3,Investiga y explica cuales son los 5 lugares mas visitados por turistas en nuestro país.
918,146,AMIGO DE MI PAIS,3,Investiga e indica que instituciones trabajan en tu departamento fomentando el desarrollo de nuestro país.
919,146,AMIGO DE MI PAIS,3,"Demuestra que sabes de geografía de Bolivia, señalando en un mapa con rapidez: ciudades, provincias, poblaciones, ríos y montañas que se te nombre."
920,146,AMIGO DE MI PAIS,3,"Conoce los principales sistemas de comunicación de Bolivia: Carreteras, ferrocarriles, aeropuertos, vías fluviales, radio, televisión y telefonía."
921,146,AMIGO DE MI PAIS,3,"Demuestra que puedes identificar a las principales autoridades Nacionales y regionales: como Presidente, Vicepresidente y algunos ministros; Prefecto, Alcalde, etc."
922,146,AMIGO DE MI PAIS,3,"Explica cómo los Scouts de Bolivia, trabajamos y contribuimos con el Desarrollo Nacional."
923,146,AMIGO DE MI PAIS,3,"En un mapa de Bolivia, señala los lugares de interés histórico más importantes"
924,146,AMIGO DE MI PAIS,3,"Presenta un cuadro o afiche con todos los símbolos patrios, su historia e importancia en las actividades cotidianas."
925,146,AMIGO DE MI PAIS,3,"Participa de algún evento de carácter nacional, ya sea campamento, curso o taller."
926,146,AMIGO DE MI PAIS,3,"Visita alguna provincia alejada, con tu familia o con tu equipo; presenta un reporte de tu visita, indicando los principales problemas que tiene y las posibles soluciones que planteas."
927,146,AMIGO DE MI PAIS,3,Participa en una campaña de vacunación en tu ciudad o área rural.
928,146,AMIGO DE MI PAIS,3,"Participa en actividades de desarrollo regional, TRO o campañas de prevención de drogas."
929,147,ANIMADOR DE LA FE,3,"Investiga y explica por lo menos 4 religiones diferentes de la tuya: Su origen, Historia y Doctrinas más importantes"
930,147,ANIMADOR DE LA FE,3,Investiga y presenta un resumen de la vida de por lo  menos  tres personalidades que se hayan destacado por haber vivido de acuerdo a los valores de su fe.
931,147,ANIMADOR DE LA FE,3,Difunde en tu equipo la fe; además crea espacios de reflexión y diálogo sobre el tema.
932,147,ANIMADOR DE LA FE,3,Idea algunas oraciones originales para momentos precisos dentro tus reuniones de patrulla o tropa.
933,147,ANIMADOR DE LA FE,3,"Colabora con las celebraciones de tu Unidad, grupo y distrito."
934,147,ANIMADOR DE LA FE,3,"Realiza un libro para la biblioteca del grupo, Rama, etc. (o completa el existente), en donde se anoten diferentes clases de reflexiones relacionadas con la Naturaleza, con la fe, etc."
935,147,ANIMADOR DE LA FE,3,"Prepara, diferentes reflexiones / oraciones para: agradecer los alimentos, el final de un campamento, la inauguración de un evento, el equipo, un paso de rama, etc."
936,147,ANIMADOR DE LA FE,3,"Participa activamente en una comunidad religiosa, desempeñando un cargo o función (Catequesis, pastoral juvenil, etc.)"
937,147,ANIMADOR DE LA FE,3,"Organiza una celebración para un campamento o alguna fiesta del grupo, Unidad, equipo, grupo de amigos, etc."
938,147,ANIMADOR DE LA FE,3,Prepara y anima con una reflexión para la ceremonia de una Promesa
939,148,APICULTOR,3,Investiga y explica sobre el equipo y los instrumentos que se utilizan para la apicultura moderna.
940,148,APICULTOR,3,Busca información sobre las clases de abejas y cómo pueden alimentarse artificialmente.
941,148,APICULTOR,3,Investiga y explica la época en que florecen las plantas de tu zona y cuales producen néctar.
942,148,APICULTOR,3,"Explica acerca de la miel, que elementos la conforman y cual es el origen de su uso."
943,148,APICULTOR,3,"Investiga y explica los tipos de abejas que existen, indicando sus principales características y sus depredadores más comunes."
944,148,APICULTOR,3,Investiga  y  explica sobre  las  lesiones  que  producen  el  mal  manejo  de  las abejas y los primeros auxilios correspondientes
945,148,APICULTOR,3,Realiza un estudio taxonómico de las abejas y de la organización de una colonia de abejas.
946,148,APICULTOR,3,"Prepara  para  toda  tu  unidad,  una  exposición  con  todo  lo  investigado anteriormente."
947,148,APICULTOR,3,Realiza un listado de los productos que se desprenden de la apicultura.
948,148,APICULTOR,3,"Con ayuda del Experto, cuida de un enjambre, y cría abejas. Encorcha y alimenta artificialmente las mismas"
949,149,ASTRONOMO,3,Investiga y explica acerca de los eclipses solares y lunares.
950,149,ASTRONOMO,3,Explica sobre el sistema solar y la vía láctea.
951,149,ASTRONOMO,3,"Explica	sobre las  caras  de  la  luna,  sin  olvidar  la  localización de  mares  y cráteres."
952,149,ASTRONOMO,3,Investiga y explica las teorías de la formación de planetas y sistemas.
953,149,ASTRONOMO,3,Explica los conceptos generales sobre: Estrellas y satélites naturales.
954,149,ASTRONOMO,3,Explica cuales son las estrellas que sobresalen y cómo se clasifican.
955,149,ASTRONOMO,3,Explica sobre los Tipos y uso del telescopio.
956,149,ASTRONOMO,3,"Explica  el  cambio  de  estaciones,  cambios  climáticos  y  movimientos  de  la tierra."
957,149,ASTRONOMO,3,"Prepara  para  toda  tu  unidad,  una  exposición  con  todo  lo  investigado anteriormente."
958,149,ASTRONOMO,3,Visita un observatorio astronómico.
959,149,ASTRONOMO,3,Hallar los puntos cardinales mediante las constelaciones.
960,149,ASTRONOMO,3,Conocer por lo menos 8 constelaciones de los dos hemisferios.
961,149,ASTRONOMO,3,Determina la hora por medio del sol y las estrellas.
962,149,ASTRONOMO,3,Reconoce constelaciones y estrellas en el firmamento.
963,149,ASTRONOMO,3,"En una salida identificar mediante un telescopio cuerpos celestes (cúmulos, estrellas dobles, estrellas inestables, y nebulosas)."
964,149,ASTRONOMO,3,Construye una maqueta del sistema solar y explica cada una de las estaciones del año y el movimiento aparente.
965,149,ASTRONOMO,3,Construye un reloj de sol y leer la hora. Compárala con la hora oficial.
966,150,ATLETISMO,3,Explica la historia y evolución del Atletismo
967,150,ATLETISMO,3,Explica que disciplinas corresponden al atletismo.
968,150,ATLETISMO,3,Saber de que se tratan las siguientes especialidades.
969,150,ATLETISMO,3,Velocidad.
970,150,ATLETISMO,3,Fondos
971,150,ATLETISMO,3,Lanzamiento de bala
972,150,ATLETISMO,3,Lanzamiento de jabalina
973,150,ATLETISMO,3,Lanzamiento de disco.
974,150,ATLETISMO,3,Salto con garrocha.
975,150,ATLETISMO,3,Carrera de bayas.
976,150,ATLETISMO,3,Carrera con obstáculos.
977,150,ATLETISMO,3,Salto largo
978,150,ATLETISMO,3,Salto alto
979,150,ATLETISMO,3,Marcha
980,150,ATLETISMO,3,Explica al menos las rutinas de ejercicios adecuados para tres disciplinas.
981,150,ATLETISMO,3,"Explica el reglamento básico de al menos otras 3 competencias olímpicas de atletismo, de tu elección."
982,150,ATLETISMO,3,"Demuestra que practicas, activamente y conoces claramente las reglas de al menos dos disciplinas."
983,150,ATLETISMO,3,Demuestra que mantienes un buen estado físico.
984,150,ATLETISMO,3,"Demuestra que llevas una dieta balanceada acorde a tu edad, y que conoces dietas adecuadas para la práctica de al menos dos disciplinas de atletismo."
985,150,ATLETISMO,3,Demuestra que conoces las reglas de seguridad y los primeros auxilios en caso de accidentes.
986,150,ATLETISMO,3,"Realiza un registro sobre el desarrollo de una disciplina elegida en el ámbito local, nacional e internacional (datos, recortes, fotografías, etc.)"
987,150,ATLETISMO,3,Organiza competencias de atletismo con tu unidad
988,150,ATLETISMO,3,Participa activamente en el equipo de atletismo de tu colegio.
989,151,BAILE Y DANZA,3,Investiga y explica la evolución del baile y la danza.
990,151,BAILE Y DANZA,3,Explica la clasificación de la danza y selecciona la de tu mayor agrado.
991,151,BAILE Y DANZA,3,Investiga y explica los bailes modernos de los últimos 5 años y en que país se originaron.
992,151,BAILE Y DANZA,3,Explica la importancia de la danza en el desarrollo de la cultura.
993,151,BAILE Y DANZA,3,Demuestra que conoces las danzas típicas de tu Departamento y del país
994,151,BAILE Y DANZA,3,"Demuestra que conoces los aspectos históricos de la danza que dominas, así como su vestuario."
995,151,BAILE Y DANZA,3,"Prepara  para  toda  tu  unidad,  una  exposición  con  todo  lo  investigado anteriormente."
996,151,BAILE Y DANZA,3,"Ejecuta ante público tres danzas, una folklórica, una clásicas y una moderna."
997,151,BAILE Y DANZA,3,Demuestra que puedes bailar por lo menos seis ritmos diferentes.
998,151,BAILE Y DANZA,3,"Demuestra que puedes bailar solo(a), con pareja o en grupo."
999,151,BAILE Y DANZA,3,Demuestra que puedes improvisar un baile.
1000,151,BAILE Y DANZA,3,"Asiste a eventos, motivo de la especialidad."
1001,151,BAILE Y DANZA,3,Prepara con tu equipo o unidad una presentación para algún festival de danza.
1002,152,BOTÁNICO,3,La clasificación general de las plantas según sus características.
1003,152,BOTÁNICO,3,Las  partes   que  compone  una  planta  y   las   funciones   que  cada   una desempeña.
1004,152,BOTÁNICO,3,"Conoce cuales son las condiciones necesarias y adecuadas para el buen crecimiento de una planta, (tipo de suelo, fertilización, clima, enfermedades)."
1005,152,BOTÁNICO,3,Conoce los principales tipos de multiplicación artificial de plantas. Realiza con éxito uno de ellos.
1006,152,BOTÁNICO,3,Las características más importantes de una célula vegetal.
1007,152,BOTÁNICO,3,Conoce cuales son las plantas típicas más representativas de tu región.
1008,152,BOTÁNICO,3,"Explica según tu observación, el proceso de fecundación en una planta."
1009,152,BOTÁNICO,3,"Explica en qué consiste el proceso de fotosíntesis, respiración y transpiración."
1010,152,BOTÁNICO,3,"Identifica en el campo, por lo menos 20  plantas diferentes, incluyendo al menos dos plantas de los siguientes grupos: alimenticias, textiles, maderables, medicinales"
1011,152,BOTÁNICO,3,Presenta un herbario organizado según las partes de la planta y sus formas más representativas.
1012,153,CABUYERIA,3,Investiga y explica para que es importante la cabuyería y quienes la utilizan con mayor frecuencia.
1013,153,CABUYERIA,3,"Investiga y explica las ventajas y desventajas de al menos 3 tipos de cuerdas, en lo referente a materiales, grosor, peso, otros."
1014,153,CABUYERIA,3,Explica la forma de estimar la resistencia de una cuerda sólo conociendo su diámetro.
1015,153,CABUYERIA,3,Explica los cuidados que se debe tener al utilizar y almacenar las cuerda.
1016,153,CABUYERIA,3,"Prepara para toda tu unidad, una exposición con todo lo investigado anteriormente."
1017,153,CABUYERIA,3,"Demuestra que conoces las ventajas y desventajas de al menos 3 tipos de cuerdas, en lo referente a materiales, grosor, peso, otros."
1018,153,CABUYERIA,3,"Demuestra que conoces la terminología empleada en cabuyería, definiendo las palabras como: mena, cabo, cote, chicote, etc."
1019,153,CABUYERIA,3,"Demuestra que conoces al menos 5 nudos de unión, realízalos correctamente y explica sus utilidades."
1020,153,CABUYERIA,3,"Demuestra que conoces al menos 5 nudos de sujeción, realízalos correctamente y explica sus utilidades."
1021,153,CABUYERIA,3,"Demuestra que conoces al menos 5 nudos de remate, realizados correctamente y explica sus utilidades."
1022,153,CABUYERIA,3,"Demuestra que conoces al menos 5 eslingas, realízalas correctamente y explica sus utilidades."
1023,153,CABUYERIA,3,"Demuestra que conoces al menos 5 anclajes, realízalos correctamente y explica sus utilidades."
1024,153,CABUYERIA,3,"Realiza correctamente los siguientes amarres: cuadrado, diagonal, redondo, trípode; y explica sus utilidades."
1025,153,CABUYERIA,3,Elabora un cuadro de nudos con al menos 50 nudos que hayas realizado
1026,153,CABUYERIA,3,Realiza un Taller de cabuyería para los 1 o 2 de tu grupo.
1027,154,CAMPISMO,3,Investiga y explica que zonas existen en tu Región aptas para realizar campamentos.
1028,154,CAMPISMO,3,"Averigua como se toman en cuenta el tiempo, las condiciones climatológicas, la estación y el suministro de agua y las normas de seguridad, cuando se elige el lugar"
1029,154,CAMPISMO,3,"Prepara para toda tu unidad, una exposición con todo lo investigado anteriormente."
1030,154,CAMPISMO,3,Demuestra la manera correcta de empacar una mochila para una caminata de dos días.
1031,154,CAMPISMO,3,Demuestra en la práctica el respeto y el cuidado que merecen las plantas y animales de la naturaleza y la razón para ello.
1032,154,CAMPISMO,3,"Prepara maqueta de los siguientes tipos de fogatas: reflector, en cruz, polinesio y en estrella, construye y enciende una de ellas."
1033,154,CAMPISMO,3,Demuestra cómo se protege la leña en un día lluvioso y cómo se prepara comida en tales condiciones.
1034,154,CAMPISMO,3,"Demuestra cómo proteger el campamento incluyendo los alimentos, contra los animales, insectos, y el tiempo adverso"
1035,154,CAMPISMO,3,Demuestra la manera correcta de eliminar basura.
1036,154,CAMPISMO,3,"Elabora una maqueta de campamento de tropa, en la que se incluya el área de banderas y subcampos de patrulla, además la ubicación de cocina, comedor, letrinas y carpas."
1037,154,CAMPISMO,3,Elabora un cuadro con la típica distribución de responsabilidades en un campamento de patrullas de dos días.
1038,154,CAMPISMO,3,Construye una astucia de campamento demostrando el uso correcto de amarres y otra sin el uso de cuerdas.
1039,154,CAMPISMO,3,"Demuestra haber acampado por lo menos 20 noches en campamentos con tu Equipo, Unidad o grupo."
1040,155,CICLISMO,3,Explica el origen y la evolución de la bicicleta.
1041,155,CICLISMO,3,Explica las normas de tránsito que debe respetar un ciclista y los materiales y herramientas necesarios para el arreglo y mantenimiento de una bicicleta.
1042,155,CICLISMO,3,"Posee una bicicleta en buenas condiciones y equipada con lámpara, timbre, reflector trasero y delantero."
1043,155,CICLISMO,3,Explica el reglamento de transito de tu Departamento
1044,155,CICLISMO,3,Indica el manejo correcto de una bicicleta en una carrera de alta velocidad.
1045,155,CICLISMO,3,Indica el mantenimiento que debe seguir una bicicleta.
1046,155,CICLISMO,3,"Demuestra que sabes manejar correctamente  bicicleta  demostrando destreza y total dominio de la misma en alguna de las disciplinas (Ej. Velocidad, campo traviesa, ruta, acrobacia)."
1047,155,CICLISMO,3,Demuestra que sabes parchar correctamente las llantas.
1048,155,CICLISMO,3,"Desarma tu bicicleta, límpiala y vuelve a armarla, ajustando correctamente sus partes e indicando las funciones de cada una de ellas."
1049,155,CICLISMO,3,Demuestra que respetas el reglamento de tránsito de tu Departamento.
1050,155,CICLISMO,3,"Recorre 10 Km. de distancia en bicicleta de acuerdo a tu disciplina, ejecutando y cumpliendo todas las normas de seguridad."
1051,155,CICLISMO,3,"Organiza un raid por tu ciudad en bicicleta, con tu equipo, tomando en cuenta todas las medidas de seguridad Durante y enseña a tu equipo las principales reparaciones en el raid."
1052,156,CIVISMO,3,Explica sobre los poderes del Estado y sus funciones
1053,156,CIVISMO,3,"Lee la Constitución Política del Estado; e investiga algunos de tus derechos y obligaciones como ciudadano, y la organización del Gobierno Nacional, Departamentales y Municipales."
1054,156,CIVISMO,3,Escoge dos gobiernos extranjeros e investiga qué diferencias tiene con el gobierno de Bolivia.
1055,156,CIVISMO,3,Investiga y explica dónde y quiénes fueron los que firmaron el Acta de la Independencia.
1056,156,CIVISMO,3,Explica las consecuencias de ser un país mediterráneo y algunas soluciones que propondrías.
1057,156,CIVISMO,3,"Realiza un análisis con tu familia, de los servicios con los que cuenta tu ciudad y barrio."
1058,156,CIVISMO,3,Demuestra que conoces los símbolos patrios y su evolución histórica.
1059,156,CIVISMO,3,Demuestra que conoces las instituciones de servicio y las organizaciones de acción ciudadana de tu ciudad y colabora en algún proyecto con una de ellas.
1060,156,CIVISMO,3,Mostrar cómo debe usarse y cuidarse la bandera nacional; coordina los honores a la bandera dentro tu grupo o en campamento.
1061,156,CIVISMO,3,"Marca en un mapa de la comuna, la ubicación de los organismos públicos, principales servicios públicos   y privados, indicando sus funciones."
1062,156,CIVISMO,3,Haz un gráfico sobre la organización de tu gobierno local e indica los nombres de los principales funcionarios.
1063,156,CIVISMO,3,"Colabora con algún trámite familiar (Patentes, RUC, Catastro, etc.) en institución pública hasta su fin y explica los pormenores que tuviste."
1064,156,CIVISMO,3,"Recopila artículos de diferentes  opiniones, sobre algunos de los problemas existentes, en tu comunidad local."
1065,156,CIVISMO,3,"Entrevista a una autoridad municipal o vecinal, sobre algunos de estos problemas."
1066,156,CIVISMO,3,"Presencia y observa al menos una sesión del Consejo municipal o Departamental de tu ciudad, o algún organismo similar."
1067,156,CIVISMO,3,"Organiza y lleva a cabo con tu Equipo, Unidad, grupo scout, etc. una actividad de servicio, destinada a cooperar en beneficio y satisfacción del barrio, ante una necesidad de la misma."
1068,156,CIVISMO,3,Prepara una actividad con tu equipo o unidad para difundir y promocionar los “Derechos de la Niñez”
1069,156,CIVISMO,3,"Realiza una encuesta en dos barrios de tu ciudad, uno que se encuentre en el centro y el otro en un sector periurbano, sobre los servicios con los que cuentan, identifica las diferencias y elabora un reporte para darlo a conocer a las autoridades correspondientes."
1070,157,COCINA,3,"Investiga y explica sobre los diferentes grupos de alimentos y las formas de cómo pueden combinarse para producir una dieta balanceada. Reconociendo en alimentos frescos y envasados, características de deterioro y vencimiento."
1071,157,COCINA,3,Investiga y explica la manera de conservar los alimentos en buenas condiciones para su consumo.
1072,157,COCINA,3,"Prepara para toda tu unidad, una exposición con todo lo investigado anteriormente"
1073,157,COCINA,3,"Prepara un menú balanceado para un niño, un adulto y un anciano."
1074,157,COCINA,3,"Prepara un menú, para un día de verano y otro de invierno, con sus correspondientes recetas."
1075,157,COCINA,3,Cocina tres de los siguientes platos (comida o postre)
1076,157,COCINA,3,Un plato típico de la zona.
1077,157,COCINA,3,Un plato económico.
1078,157,COCINA,3,Un plato vegetariano.
1079,157,COCINA,3,Un plato para un enfermo celíaco o diabético.
1080,157,COCINA,3,Un plato de pocas calorías.
1081,157,COCINA,3,Un plato de otro país.
1082,157,COCINA,3,Elige un tipo de cocina regional o de algún país y aprende a elaborar al menos 3 platillos característicos.
1083,157,COCINA,3,Entrevista a un profesional de la cocina (chef o aprendiz)
1084,157,COCINA,3,"Prepara una cena completa y formal, adicionando el menú y todo su valor nutritivo, para todo tu equipo."
1085,158,COCINA DE CAMPAMENTO,3,Explica sobre los utensilios utilizados para cocinar en campamento y como podrías sustituirlos en caso de no contar con ellos.
1086,158,COCINA DE CAMPAMENTO,3,"Busca	información	sobre	diferentes	menús,	para	casos	de	diarrea	y estreñimiento en campamento."
1087,158,COCINA DE CAMPAMENTO,3,"Prepara  para  toda  tu  unidad,  una  exposición  con  todo  lo  investigado anteriormente."
1088,158,COCINA DE CAMPAMENTO,3,Construye un soporte para los utensilios de cocina.
1089,158,COCINA DE CAMPAMENTO,3,"Prepara un menú balanceado, para un campamento de invierno y otro para verano."
1090,158,COCINA DE CAMPAMENTO,3,Cocina en fogata al menos durante 5 campamentos.
1091,158,COCINA DE CAMPAMENTO,3,Demuestra  que conoces  y aplicas  correctamente  las  diferentes  formas  de empacar y conservar alimentos para campamentos de distintas duraciones.
1092,158,COCINA DE CAMPAMENTO,3,"Elabora un instructivo para la clasificación de los tipos de basura, practícalo permanentemente y promueve la aplicación en los equipos de tu unidad."
1093,158,COCINA DE CAMPAMENTO,3,"Demuestra  que  conoces  las  astucias  de  cocina  como  tipos  de  hornos, alacenas, refrigeradores y fogones."
1094,158,COCINA DE CAMPAMENTO,3,Cocina sin utensilios durante todo un campamento.
1095,158,COCINA DE CAMPAMENTO,3,Cocina los siguientes platos sin utensilios:
1096,158,COCINA DE CAMPAMENTO,3,Huevo duro.
1097,158,COCINA DE CAMPAMENTO,3,Pan de cazador (Pan de palo).
1098,158,COCINA DE CAMPAMENTO,3,Papa asada.
1099,158,COCINA DE CAMPAMENTO,3,"Presenta, prepara y cocina un menú completo para tu equipo, durante un campamento."
1100,158,COCINA DE CAMPAMENTO,3,"Realiza un libro de recetas de cocina para campamentos que incluya sopas, carnes, pescados, pollos, verduras frescas, bebidas y postres, así como alimentos ligeros para caminatas, adjuntando sus valores alimenticios."
1101,159,CONSERVACIONISTA,3,Identifica los recursos renovables y no renovables que existen en nuestro país.
1102,159,CONSERVACIONISTA,3,Explica con tus palabras que es desarrollo sostenible
1103,159,CONSERVACIONISTA,3,"Explicar en qué consisten  los recursos naturales (agua, tierra y  aire). Y describir con ejemplos como los contamina el hombre."
1104,159,CONSERVACIONISTA,3,Explicar que es el calentamiento global y cual sus consecuencias.
1105,159,CONSERVACIONISTA,3,Explica qué es un ecosistema y cuántos tipos existen en Bolivia.
1106,159,CONSERVACIONISTA,3,"Averigua cuántos y qué Parques Nacionales existen en Bolivia, la extensión de cada uno de ellos, su ubicación, clasificación y las principales especies de flora y fauna que resguardan."
1107,159,CONSERVACIONISTA,3,"Investiga a fondo por lo menos diez especies de animales y diez especies de plantas que actualmente están en peligro de extinción, el ecosistema en que viven, las causas que producen su riesgo de desaparición y cómo podríamos ayudar a su conservación."
1108,159,CONSERVACIONISTA,3,Informarse acerca de la manera de generación de energía en nuestro país y el impacto ecológico que produce
1109,159,CONSERVACIONISTA,3,Conoce qué son las energías alternativas.
1110,159,CONSERVACIONISTA,3,Cuáles son los residuos que más contaminan en un campamento y la influencia de estos en el medio ambiente.
1111,159,CONSERVACIONISTA,3,Participa activamente de la campaña “A limpiar el Mundo” (Clean up the World).
1112,159,CONSERVACIONISTA,3,Ponte como meta visitar tres de  los parques nacionales que investigaste como mínimo en dos años.
1113,159,CONSERVACIONISTA,3,"Visita a las Instituciones de tu región que trabajan en la conservación del ambiente, y averigua que hacen por éste."
1114,159,CONSERVACIONISTA,3,Organiza por lo menos una actividad conservacionista.
1115,159,CONSERVACIONISTA,3,Realiza en campamentos un mínimo de 5 clases de fogones conservacionistas.
1116,159,CONSERVACIONISTA,3,Construye un calentador solar de agua en un campamento.
1117,159,CONSERVACIONISTA,3,DEFENSA PERSONAL (Eligiendo una Disciplina)
1118,159,CONSERVACIONISTA,3,"Explica sobre el desarrollo de la disciplina elegida en el ámbito local, nacional e internacional (datos, recortes, fotografías, etc.)."
1119,159,CONSERVACIONISTA,3,Explica las normas que rigen la disciplina.
1120,159,CONSERVACIONISTA,3,Explica en tu unidad los beneficios de la práctica de la disciplina que elegiste.
1121,159,CONSERVACIONISTA,3,Inculca en tu unidad actitudes únicamente de defensa y nunca de ataque.
1122,159,CONSERVACIONISTA,3,"Demostrar	capacidad	y	avance	en	la	disciplina	que	seleccionaste, identificando en que te ha ayudado a mejorar como persona."
1123,159,CONSERVACIONISTA,3,Demuestra que conoces las reglas de la disciplina.
1124,159,CONSERVACIONISTA,3,Practica una rutina que te permita mantenerte en un buen estado físico.
1125,159,CONSERVACIONISTA,3,Demuestra que sabes:
1126,159,CONSERVACIONISTA,3,Defenderte de un ataque por la espalda.
1127,159,CONSERVACIONISTA,3,Defenderte de un ataque frontal sujeto de las muñecas.
1128,159,CONSERVACIONISTA,3,Defenderte de un ataque lateral sujeto de un brazo.
1129,159,CONSERVACIONISTA,3,Defensa de ataque frontal o lateral de ataque con puño.
1130,159,CONSERVACIONISTA,3,Defenderte de un golpe de gancho de puño.
1131,159,CONSERVACIONISTA,3,Defenderte de un ataque frontal o lateral.
1132,159,CONSERVACIONISTA,3,"Practica la disciplina regularmente, en un centro de deportes habilitado."
1133,159,CONSERVACIONISTA,3,Participa en competencias o demostraciones
1134,159,CONSERVACIONISTA,3,"Organiza  una  competencia  de  la  disciplina  para  tu  Unidad,  grupo  scout, barrio, escuela, etc."
1135,159,CONSERVACIONISTA,3,DEPORTISTA (Eligiendo una Disciplina)
1136,159,CONSERVACIONISTA,3,Explica los beneficios directos e indirectos de la practica del deporte
1137,159,CONSERVACIONISTA,3,Explica las normas y reglas del deporte que practicas
1138,159,CONSERVACIONISTA,3,"Investiga y explica la organización del Deporte a nivel Regional, Nacional e internacional."
1139,159,CONSERVACIONISTA,3,"Indica en qué puede influir la droga, el alcohol y el cigarrillo en el rendimiento del deportista."
1140,159,CONSERVACIONISTA,3,Demuestra que conoces las instancias organizativas del deporte en el ámbito nacional.
1141,159,CONSERVACIONISTA,3,"Prepara  para  toda  tu  unidad,  una  exposición  con  todo  lo  investigado anteriormente"
1142,159,CONSERVACIONISTA,3,Haz una presentación donde identificas los beneficios directos e indirectos de la práctica deportiva.
1143,159,CONSERVACIONISTA,3,Demuestra que practicas diariamente el deporte de tu preferencia y forma parte de la selección de tu colegio o de un club.
1144,159,CONSERVACIONISTA,3,"Elabora un cronograma de rutina de un día normal de un deportista, además, incluye la dieta adecuada que debe seguir."
1145,159,CONSERVACIONISTA,3,"Demuestra  que  conoces  las  enfermedades  deportivas  y/o  lesiones  más comunes, generadas por el deporte que practicas."
1146,159,CONSERVACIONISTA,3,"Planifica, organiza y ejecuta una tarde deportiva en tu Unidad o Grupo."
1147,159,CONSERVACIONISTA,3,"Elabora un folleto que promueva la práctica continua del Deporte y difúndelo en tu equipo, unidad, grupo, amigos y familia."
1148,159,CONSERVACIONISTA,3,Participa  en  al  menos  una competencia  o  campeonato del  deporte  que practicas.
1149,160,DISEÑADOR GRÁFICO,3,Demuestra que conoces	los paquetes básicos  de  diseño gráfico y los paquetes básicos de computación.
1150,160,DISEÑADOR GRÁFICO,3,Demuestra  que  conoces  los  colores  básicos  que  se  utilizan  en  diseño gráfico para la composición de la imagen.
1151,160,DISEÑADOR GRÁFICO,3,Explica qué es una separación de color de una imagen.
1152,160,DISEÑADOR GRÁFICO,3,"Opera al menos tres paquetes gráficos, y dos de fotografía y color."
1153,160,DISEÑADOR GRÁFICO,3,Demuestra  tus  conocimientos  en  un  paquete  con  el  cual  tu  trabajes preferentemente.
1154,160,DISEÑADOR GRÁFICO,3,conocer una grafica digital.
1155,160,DISEÑADOR GRÁFICO,3,Investiga y obtén conocimientos básicos de marketing.
1156,160,DISEÑADOR GRÁFICO,3,"Realiza un tríptico, un póster y una publicación de una empresa pionera de tu unidad, que contenga fondos, efectos, fotografías y textos."
1157,160,DISEÑADOR GRÁFICO,3,Imprimir el tríptico en separación de color.
1158,160,DISEÑADOR GRÁFICO,3,Retocar una fotografía borrando sus defectos.
1159,160,DISEÑADOR GRÁFICO,3,Redibujar una ilustración sencilla (Logo de unidad y logo de grupo).
1160,160,DISEÑADOR GRÁFICO,3,Realiza un collage de al menos tres elementos (montaje fotográfico).
1161,160,DISEÑADOR GRÁFICO,3,Hazte cargo por 6 meses de la publicación y diseño de todos los materiales gráficos de tu unidad.
1162,161,EMPRENDEDOR DE NEGOCIOS,3,Investiga sobre las diferentes posibilidades de negocio que te podrían interesar.
1163,161,EMPRENDEDOR DE NEGOCIOS,3,"Según el lugar, región y/o departamento donde vives  identifica un negocio que te interese e identifica las oportunidades y obstáculos que tendrías."
1164,161,EMPRENDEDOR DE NEGOCIOS,3,Investiga sobre lo que es una ventaja competitiva y lo que es una ventaja comparativa. Analízalo en la actividad que vas a emprender.
1165,161,EMPRENDEDOR DE NEGOCIOS,3,"Organiza un Grupo de Trabajo, para desarrollar tu empresa, teniendo en cuenta el perfil de persona necesario para cada responsabilidad, trazándote una meta de negocio con un determinado tiempo para alcanzarla."
1166,161,EMPRENDEDOR DE NEGOCIOS,3,Realiza una investigación de mercado para la empresa que te interesa.
1167,161,EMPRENDEDOR DE NEGOCIOS,3,"Grafica con tu Grupo de Trabajo el camino de vida que va a seguir tu negocio, teniendo en cuenta los posibles obstáculos que averiguaste."
1168,161,EMPRENDEDOR DE NEGOCIOS,3,Elabora un plan de negocios donde incluya un análisis “FODA” que sea lo más cercano a tu realidad.
1169,161,EMPRENDEDOR DE NEGOCIOS,3,"Ejecuta el plan de negocios que has realizado, y evalúa el éxito obtenido"
1170,162,ENTOMOLOGO,3,Investiga y explica la diferencia entre insectos benéficos y perjudiciales con ejemplos
1171,162,ENTOMOLOGO,3,"Explica la relación que guardan los insectos con otros seres vivos, así como su importancia en el equilibrio ecológico"
1172,162,ENTOMOLOGO,3,Explica la forma de clasificación de los insectos y sus fundamentos.
1173,162,ENTOMOLOGO,3,Investiga y explica sobre insectos nocivos para la agricultura y explica en qué consiste el
1174,162,ENTOMOLOGO,3,control de plagas con otros insectos (control biológico).
1175,162,ENTOMOLOGO,3,"Explica la metamorfosis de un insecto, observa y descríbela en una especie (Ej. Mariposa, mosca, escarabajo)"
1176,162,ENTOMOLOGO,3,"Prepara  para  toda  tu  unidad,  una  exposición  con  todo  lo  investigado anteriormente."
1177,162,ENTOMOLOGO,3,"Observa y diferencia al menos 30 especies diferentes de insectos: sus hábitos, los lugares donde se encuentran y sus utilidades o si son dañinos."
1178,162,ENTOMOLOGO,3,Observar Una colonia de insectos y presentar una exposición a tu Unidad de las conclusiones obtenidas.
1179,162,ENTOMOLOGO,3,"Visita un centro de investigación de insectos, identifica su interrelación con otras actividades, coméntalo mediante una exposición en tu unidad."
1180,162,ENTOMOLOGO,3,"Durante un campamento o excursión, haz una colecta de un día y noche, sólo de insectos que no sean benéficos y prepara tu insectario debidamente."
1181,162,ENTOMOLOGO,3,Explica a tu unidad las características de los insectos que atrapaste.
1182,162,ENTOMOLOGO,3,Identifica un foco de reproducción de insectos perjudiciales y contribuye a su eliminación
1183,163,ESCALADA DEPORTIVA EN ROCA,3,"Explica la diferencia entre escalda en LÍDER, TOP y BOULDER."
1184,163,ESCALADA DEPORTIVA EN ROCA,3,"Explica las partes características y uso de cordinos, cuerda, arnés, zapatillas, mosquetones, cintas, aparatos de aseguramiento, bolsa de magnesio y vestuario."
1185,163,ESCALADA DEPORTIVA EN ROCA,3,Explica las normas generales de seguridad en la escalada deportiva.
1186,163,ESCALADA DEPORTIVA EN ROCA,3,Repite las voces y comandos de escalada.
1187,163,ESCALADA DEPORTIVA EN ROCA,3,Explique los principios y normas ambientales.
1188,163,ESCALADA DEPORTIVA EN ROCA,3,Explique la clasificación técnica de las rutas de escalada.
1189,163,ESCALADA DEPORTIVA EN ROCA,3,Demuestre las técnicas de aseguramiento.
1190,163,ESCALADA DEPORTIVA EN ROCA,3,Demuestre las técnicas básicas de agarre y pisadas.
1191,163,ESCALADA DEPORTIVA EN ROCA,3,Demuestra las técnicas y normas de seguridad para realizar un anclaje.
1192,163,ESCALADA DEPORTIVA EN ROCA,3,Escalar una vía 6a o superior en Top.
1193,163,ESCALADA DEPORTIVA EN ROCA,3,Escalar una vía de nivel 5 o superior en líder.
1194,163,ESCALADA DEPORTIVA EN ROCA,3,Realiza los siguientes nudos:
1195,163,ESCALADA DEPORTIVA EN ROCA,3,Ocho
1196,163,ESCALADA DEPORTIVA EN ROCA,3,Cinta.
1197,163,ESCALADA DEPORTIVA EN ROCA,3,Dinámico.
1198,163,ESCALADA DEPORTIVA EN ROCA,3,Pescador.
1199,163,ESCALADA DEPORTIVA EN ROCA,3,Ballestrinque.
1200,163,ESCALADA DEPORTIVA EN ROCA,3,"Marchand y Prusick, explicar  porqué  es  mejor utilizar el marchand y olvidar el prusiano."
1201,163,ESCALADA DEPORTIVA EN ROCA,3,Bulim para encordamiento
1202,163,ESCALADA DEPORTIVA EN ROCA,3,Resolver un problema de Boulder a vista.
1203,164,ESCRITOR,3,Investiga y explica la historia y evolución de la literatura.
1204,164,ESCRITOR,3,"Explica los diferentes géneros literarios (novela, cuento, historia, ensayo, etc.)"
1205,164,ESCRITOR,3,Investiga y explica los derechos de autor en nuestro país.
1206,164,ESCRITOR,3,Explica que es prosa y verso.
1207,164,ESCRITOR,3,"Prepara  para  toda  tu  unidad,  una  exposición  con  todo  lo  investigado anteriormente."
1208,164,ESCRITOR,3,"Demuestra que conoces las reglas de ortografía, puntuación, gramática y de sintaxis."
1209,164,ESCRITOR,3,Presenta un escrito de no menos de 2 páginas de tema libre tomando en cuenta tus conocimientos en las reglas mencionadas en el anterior punto.
1210,164,ESCRITOR,3,Tienes nociones básicas sobre el manejo de frases y párrafos en escritos.
1211,164,ESCRITOR,3,Elige uno de los estilos literarios de tu agrado y escribe una obra con él.
1212,164,ESCRITOR,3,"Cuenta a tu unidad algún cuento o novela que hayas escrito, no olvidando las partes de una narración (Presentación, nudo o problema y desenlace)."
1213,164,ESCRITOR,3,Realiza la biografía del autor que más te guste.
1214,164,ESCRITOR,3,"Colabora con  el  periódico,  mural  o boletín  de  tu  unidad,  grupo  o  distrito durante un periodo mínimo de 2 meses."
1215,164,ESCRITOR,3,"Logra que una de tus obras sea publicada en cualquier boletín, revista juvenil, Periódico, memoria anual, etc."
1216,165,EXCURSIONISMO,3,"Investiga y explica a detalle las buenas prácticas de excursionismo incluyendo el cuidado de los pies y uñas, tratamiento de las ampollas, tipo de vestimenta, calzados y medias, correcta forma de caminar con o sin mochila, las reglas de seguridad en una caminata por carretera, obtención de agua potable y realización de los fuegos de cocina, etc."
1217,165,EXCURSIONISMO,3,Investiga y explica cómo puedes orientarte sin el uso de la brújula de día y de noche
1218,165,EXCURSIONISMO,3,Investiga y explica que es la rosa de los vientos.
1219,165,EXCURSIONISMO,3,Indica por lo menos 16 puntos principales de la rosa de los vientos.
1220,165,EXCURSIONISMO,3,"Prepara para toda tu unidad, una exposición con todo lo investigado anteriormente."
1221,165,EXCURSIONISMO,3,"Explica y demuestra donde sea posible, los principales puntos de las buenas prácticas de excursionismo."
1222,165,EXCURSIONISMO,3,Realiza tres amarres con los nudos correctos e indica su uso y funciones.
1223,165,EXCURSIONISMO,3,Muestra las variantes en forma y función de tres eslingas y demuestra tres formas de remates y empalmes.
1224,165,EXCURSIONISMO,3,"Demuestra la construcción de cuatro clases de cocinas, de las cuales dos sean con conservador de calor (conservacionistas)."
1225,165,EXCURSIONISMO,3,Realiza pan de cazador
1226,165,EXCURSIONISMO,3,"Usando métodos improvisados, estima tres distancias no mayores a 800 metros y tres alturas no mayores a 30 metros con un error no mayor al 10 %."
1227,165,EXCURSIONISMO,3,"Calcula usando tu paso normal, distancias accesibles de 30 y 50 metros con un error máximo de 10%."
1228,165,EXCURSIONISMO,3,Realiza una caminata de al menos 10 Km. Empleando un mapa y medios de orientación naturales.
1229,166,FILATELIA,3,Investiga y explica la historia y el origen del correo en Bolivia y el mundo
1230,166,FILATELIA,3,"Investiga y explica el origen de los sellos postales; también, explica el propósito para que los usaran."
1231,166,FILATELIA,3,Explica las características de un sello de buena condición filatélica y los tipos de sellos postales que existen.
1232,166,FILATELIA,3,"Conoce las condiciones en el ambiente filatélico que le dan valor a un sello, además explicar por qué el valor de un sello postal puede diferir del valor en los catálogos"
1233,166,FILATELIA,3,Conoce el equipo básico de un filatelista y demuestra su uso y cuidados
1234,166,FILATELIA,3,Conoce la organización de algún club o organismo filatélico del país.
1235,166,FILATELIA,3,Explica el propósito de cada uno de los siguientes tipos de sellos:
1236,166,FILATELIA,3,Conmemorativo
1237,166,FILATELIA,3,Permanente
1238,166,FILATELIA,3,Aéreo
1239,166,FILATELIA,3,semipostal
1240,166,FILATELIA,3,Seguro postal
1241,166,FILATELIA,3,Precancelado
1242,166,FILATELIA,3,"Prepara para toda tu unidad, una exposición con todo lo investigado anteriormente."
1243,166,FILATELIA,3,Demuestra que estas familiarizado con los términos mas utilizados en la filatelia.
1244,166,FILATELIA,3,"Demuestras que conoces los diferentes tipos de álbumes, como montar los sellos postales en un álbum con y sin charnelas, muestra los manejos y cuidados adecuados para los sellos postales."
1245,166,FILATELIA,3,"Explica los motivos y características que usas para formar una colección de sellos postales, explica el propósito de cada uno de los siguientes tipos de sellos: Permanente, conmemorativo, aéreo, semipostal, seguro postal y precancelado."
1246,166,FILATELIA,3,"De tu colección, cuáles son los sellos más atractivos y el por qué de esta consideración."
1247,166,FILATELIA,3,Expone tu colección de por lo menos 300 sellos postales.
1248,167,FOTÓGRAFO,3,La historia de la fotografía. ¿Quien invento la maquina fotográfica? ¿en que año y país?.
1249,167,FOTÓGRAFO,3,Que es la fotografía? Que es una cámara fotográfica?
1250,167,FOTÓGRAFO,3,Mencionar 5 tipos de cámaras fotográficas.
1251,167,FOTÓGRAFO,3,Cómo la fotografía utiliza la luz para impresionar imágenes.
1252,167,FOTÓGRAFO,3,Las partes y funciones de una cámara fotográfica
1253,167,FOTÓGRAFO,3,Conoce las reglas básicas de composición.
1254,167,FOTÓGRAFO,3,"Como se utiliza y para qué, el obturador, el diafragma, el fotómetro, medidor de la velocidad, macroenfoque, como activar el temporizador, activación de hora y fecha,  etc."
1255,167,FOTÓGRAFO,3,¿Cuando y como es aconsejable el uso del flash?
1256,167,FOTÓGRAFO,3,¿Que cuidados se debe dar a una cámara fotográfica?
1257,167,FOTÓGRAFO,3,Con una maquina fotográfica saca las siguientes fotografías:
1258,167,FOTÓGRAFO,3,•Foto de exterior
1259,167,FOTÓGRAFO,3,•Foto de interior
1260,167,FOTÓGRAFO,3,•Foto periodística
1261,167,FOTÓGRAFO,3,•Foto artística
1262,167,FOTÓGRAFO,3,•Foto paisaje
1263,167,FOTÓGRAFO,3,•Foto con efecto Blanco y Negro
1264,167,FOTÓGRAFO,3,•Foto con efecto Sepia.
1265,167,FOTÓGRAFO,3,•Foto de tu grupo
1266,167,FOTÓGRAFO,3,•Foto de tu equipo
1267,167,FOTÓGRAFO,3,•Foto de tu unidad.
1268,167,FOTÓGRAFO,3,Elaborar un álbum con las fotografías sacadas en el anterior punto
1269,167,FOTÓGRAFO,3,Con una cámara saca fotografías con las siguientes características:
1270,167,FOTÓGRAFO,3,•Fotografía sin luz (con la luz de una vela sin Flash)
1271,167,FOTÓGRAFO,3,•Fotografía Instantánea (Con el medidor de velocidad en 1000 o 2000)
1272,167,FOTÓGRAFO,3,•Fotografía inmóvil (Con el medidor de velocidad en B)
1273,167,FOTÓGRAFO,3,Saca  por  los  menos  10  fotografías  de  una  actividad  importantes  que  se desarrolle en tu grupo o distrito scout.
1274,167,FOTÓGRAFO,3,Organiza  una exposición en tu grupo de todas las fotografías tomadas para esta especialidad.
1275,167,FOTÓGRAFO,3,Elabora un álbum fotográfico de un campamento de tu Unidad pionera
1276,168,FORESTAL,3,"Explica  cual  es  la  estructura  de  un  árbol,  como  se  alimenta,  respira  y reproduce."
1277,168,FORESTAL,3,Explica  cual  es  el  beneficio  y  papel  que  desempeñan  los  árboles  en  la naturaleza.
1278,168,FORESTAL,3,Averigua sobre algunos productos secundarios del bosque.
1279,168,FORESTAL,3,Explica sobre el peligro de los incendios forestales y cómo se pueden evitar.
1280,168,FORESTAL,3,Explica sobre las plagas mas comunes y la forma de evitarlas
1281,168,FORESTAL,3,Investiga y expone en tu unidad a por lo menos 40 especies diferentes de árboles que se encuentran en nuestro país.
1282,168,FORESTAL,3,Investiga y demuestra la forma correcta de plantar un árbol.
1283,168,FORESTAL,3,Conoce  claramente  y  a  detalle  por  lo  menos  10  especies  diferentes  de árboles.
1284,168,FORESTAL,3,Realiza  un  trabajo  en  el  que  expliques  qué  especies  son  utilizadas  en  la industria maderera.
1285,168,FORESTAL,3,Prepara un muestrario de semillas forestales (mínimo 10 especies).
1286,168,FORESTAL,3,Presenta al menos 5 artículos referentes a la temática forestal.
1287,168,FORESTAL,3,"Visita un vivero o un centro de estudios forestales, averigua las actividades que realiza y identifica la interrelación con otras ciencias o actividades, coméntalo mediante una exposición en tu unidad"
1288,168,FORESTAL,3,"Realiza junto a tu patrulla y/o grupo de amigos, folletos sobre el peligro de los incendios forestales, principales causas que lo originan y medios para contenerlos y sofocarlos."
1289,168,FORESTAL,3,"Cultiva y cuida, en forma permanente al menos 3 árboles diferentes"
1290,168,FORESTAL,3,Participa en una campaña de repoblamiento forestal y planta al menos 20 plantínes controlándolos hasta los 6 meses de edad.
1291,169,GEOLOGO,3,Explica la Hontoria de la geología.
1292,169,GEOLOGO,3,Explica cuales son las ramas de la geología.
1293,169,GEOLOGO,3,Averigua sobre las principales etapas de un proceso de extracción minera.
1294,169,GEOLOGO,3,Investiga y explica los diferentes tipos de fenómenos geológicos e identifica los efectos que pueden tener.
1295,169,GEOLOGO,3,Infórmate sobre las explotaciones mineras más importantes del país.
1296,169,GEOLOGO,3,Investiga explica la división de los tiempos geológicos y prepara un resumen haciendo referencia de algunos ejemplos.
1297,169,GEOLOGO,3,"Explica los principales usos con los minerales: aluminio, carbón, cobre, estaño, hierro y uranio."
1298,169,GEOLOGO,3,"Explica los principales peligros y enfermedades a los que están expuestos los mineros, señalando los medios de prevención más utilizados."
1299,169,GEOLOGO,3,"Prepara  para  toda  tu  unidad,  una  exposición  con  todo  lo  investigado anteriormente."
1300,169,GEOLOGO,3,"Identifica al menos quince rocas o minerales, clasifícalos y esquematiza su constitución química general."
1301,169,GEOLOGO,3,"Realiza un mapa que señale las principales explotaciones mineras del país indicando sus características, tipo de mineral y sistema de extracción"
1302,169,GEOLOGO,3,Realiza una maqueta que muestre la conformación de los continentes actuales a través de las eras geológicas.
1303,170,GUIA TURISTICO,3,Explica cual es la importancia del turismo para tu Departamento y para el país.
1304,170,GUIA TURISTICO,3,Investiga y expone en tu unidad los atractivos turísticos que tiene tu Departamento y el país.
1305,170,GUIA TURISTICO,3,"Investiga y expone las condiciones que tiene tu Departamento y el país para promover el turismo, como ser carreteras, hotelería, restaurantes, transporte, etc."
1306,170,GUIA TURISTICO,3,Demuestra que sabes guiar a otras personas
1307,170,GUIA TURISTICO,3,"Realiza un mapa de tu ciudad que contenga direcciones y números telefónicos de centros de interés cultural, lugares de recreación, campos deportivos, ferias artesanales, monumentos históricos, zoológicos, mercados, estaciones, terminales de micros, trenes, aeropuertos, etc."
1308,170,GUIA TURISTICO,3,"Realiza un álbum de fotografías, recortes, etc. de atractivos turísticos de tu Departamento."
1309,170,GUIA TURISTICO,3,Diseña un itinerario turístico por tu ciudad o Departamento de un día de duración y realízalo guiando a 1 o 2 de tu grupo.
1310,170,GUIA TURISTICO,3,"Da a conocer a tu Unidad, utilizando material audiovisual, fotografías, etc. las posibilidades turísticas de seis lugares de paseo, ubicadas en los alrededores de tu ciudad."
1311,170,GUIA TURISTICO,3,Realiza un afiche o folleto turístico de la Departamento donde vives y difúndelo con scouts de otros departamentos o de otros países.
1312,171,HARDWARE DE LA COMPUTADORA,3,"Debes conocer la historia de la computadora y su evolución, conocer e identificar los tipos de computadora."
1313,171,HARDWARE DE LA COMPUTADORA,3,"Debes conocer los componentes físicos de una computadora de escritorio (Procesador, Memorias, Tarjetas de video, placa madre, disco duro, fuente de poder, tarjeta de sonido)"
1314,171,HARDWARE DE LA COMPUTADORA,3,"Debes de conocer los tipos de puertos que posee una computadora(puertos físicos: paralelos, serial, usb, sata, PCi, PCI express, Agp; puertos lógicos: ftp, http, ssh, telnet, SMTP, etc)"
1315,171,HARDWARE DE LA COMPUTADORA,3,Debes de conocer que es el BIOS y sus configuraciones
1316,171,HARDWARE DE LA COMPUTADORA,3,"Debes conocer todos los dispositivos de entrada (E), salida (S) y entrada/salida (E/S) para la comunicación con la computadora(escáner, DVD/CD, plotter, mouse, impresora, teclado, monitor, lápiz óptico, etc)"
1317,171,HARDWARE DE LA COMPUTADORA,3,Debes conocer la manera correcta de armar un equipo completo de computación (todo lo que posee el case y los componentes físicos complementarios)
1318,171,HARDWARE DE LA COMPUTADORA,3,"Debes conocer todos los tipos de impresoras que existen en el mercado, sus diferencias, cualidades, calidad de impresión, tipo de impresión."
1319,171,HARDWARE DE LA COMPUTADORA,3,"Debes de conocer los tipos de sistemas operativos que existen (Windows, Linux y MAC os) y la forma de instalarlos"
1320,171,HARDWARE DE LA COMPUTADORA,3,"Debes saber instalar los driver del hardware de computadora y el software básico para un trabajo normal con el equipo ( Microsoft Windows, Microsoft Office, Antivirus)"
1321,171,HARDWARE DE LA COMPUTADORA,3,"Debes de conocer y saber para que sirven las fuentes de suministro eléctrico (UPS), las fuentes de poder y los estabilizadores"
1322,171,HARDWARE DE LA COMPUTADORA,3,"Realiza una exposición en tu unidad acerca de la historia de la computación (debes tener para esto cuadros explicativos, slides, transparencias, etc.)Realiza una exposición en tu unidad acerca de la historia de la computación (debes tener para esto cuadros explicativos, diapositivas, línea de tiempo, etc.)"
1323,171,HARDWARE DE LA COMPUTADORA,3,"Describe un equipo de computación, todos sus componentes y todas sus posibilidades lo más detallado posible. Describe un equipo de computación, todos sus componentes y todas sus cualidades lo más detallado posible."
1324,171,HARDWARE DE LA COMPUTADORA,3,"Demuestra en tu unidad la manera correcta de mantener limpia una computadora, y enseña en esta los cuidados necesarios que se debe tener con un equipo."
1325,171,HARDWARE DE LA COMPUTADORA,3,"Arma un equipo de Computación, y has que arranque el BIOS y verifica que este reconozca los dispositivos instalados."
1326,171,HARDWARE DE LA COMPUTADORA,3,Instala en un equipo de computación el software básico para trabajar con el equipo.
1327,171,HARDWARE DE LA COMPUTADORA,3,"Realiza el diagnostico para actualizar un equipo y entrega un informe técnico del procedimiento de actualización (componente o software a actualizar, soporte del equipo actual referente a la actualización, el costo de la actualización)."
1328,171,HARDWARE DE LA COMPUTADORA,3,Explica en tu unidad como se puede mantener limpio de virus un equipo de computación y limpia de virus dos equipos.
1329,171,HARDWARE DE LA COMPUTADORA,3,"Explica en tu unidad como se puede mantener limpio de virus un equipo de computación y limpia de virus dos equipos o dispositivos de almacenamiento externo (pen drive, discos duros externos)."
1330,172,HISTORIA,3,Investiga y explica el papel de la historia en el desarrollo de la humanidad.
1331,172,HISTORIA,3,Investiga y explica toda la historia de nuestro país.
1332,172,HISTORIA,3,"Investiga y explica la historia del escultismo mundial, nacional y local."
1333,172,HISTORIA,3,"Destaca a 5 personalidades, que según tu criterio sean los más importantes de la historia mundial en el último siglo, indica las razones y presenta sus biografías"
1334,172,HISTORIA,3,"Destaca a 5 personalidades, que según tu criterio sean los más importantes de la historia nacional en el último siglo, indica las razones y presenta sus biografías"
1335,172,HISTORIA,3,Menciona  5  hechos  que  consideres  de  los  más  importantes  en  la  historia mundial del último siglo.
1336,172,HISTORIA,3,"Domina, al menos un periodo de 40 años en la historia de Bolivia."
1337,172,HISTORIA,3,Tener conocimientos generales de la historia moderna y clásica.
1338,172,HISTORIA,3,Menciona  5  hechos  que  consideres  de  los  más  importantes  en  la  historia nacional del último siglo.
1339,172,HISTORIA,3,"Realiza una exposición de la historia de tu equipo, de tu unidad y de tu grupo Scout."
1340,172,HISTORIA,3,"Elabora un álbum de la historia de por lo menos los últimos 10 años de la ciudad donde vives con fotografías, recortes, dibujos, etc."
1341,172,HISTORIA,3,"Elabora un albun de la historia de tu grupo scout., con fotografías, recortes, dibujos, etc."
1342,172,HISTORIA,3,Crea o mejora el libro de oro de tu equipo.
1343,172,HISTORIA,3,Haz  una investigación  para  redactar  la  historia  de  la  comunidad  o barrio donde vives.
1344,173,HORTICULTOR,3,"Realiza una lista de las principales legumbres y hortalizas que se producen y consumen en tu región, indicando las especies nativas."
1345,173,HORTICULTOR,3,Investiga y explica cuales son las principales plagas que dañan las hortalizas y formas de combatir las mismas.
1346,173,HORTICULTOR,3,Investiga y explica las técnicas modernas de cultivos.
1347,173,HORTICULTOR,3,Investiga y explica los diferentes tipos de abonos y la aplicación adecuada de al menos tres de ellos.
1348,173,HORTICULTOR,3,Explica qué es un cultivo hidropónico e intenta efectuar esta práctica
1349,173,HORTICULTOR,3,"Prepara para toda tu unidad, una exposición con todo lo investigado anteriormente."
1350,173,HORTICULTOR,3,"Prepara una carpeta en la que se muestres 6 tipos de semillas hortícolas, según su reproducción, época de siembra, periodo vegetativo y época de cosecha."
1351,173,HORTICULTOR,3,"Realiza un cuadro de hortalizas y legumbres con sus respectivos beneficios para la salud, vitaminas, proteínas, etc."
1352,173,HORTICULTOR,3,"Realiza un informe de una visita al mercado de tu ciudad o departamento y verifica qué especies hortícolas están a la venta, el estado de las mismas, almacenamiento, costos, proveedores, etc."
1353,173,HORTICULTOR,3,Prepara y abona una parcela de tierra para una siembra.
1354,173,HORTICULTOR,3,Produce en tu parcela dos especies hortícolas produciendo una cosecha suficiente para proveer de ellas a tu familia por lo menos durante una semana.
1355,173,HORTICULTOR,3,Describe los tipos de herramientas que empleaste para tu siembra.
1356,173,HORTICULTOR,3,"Realiza un pequeño estudio económico, es decir, las ganancias de la venta de tu cosecha, menos tu inversión."
1357,174,INTERNET,3,Que es Internet y su historia?
1358,174,INTERNET,3,Que servicios ofrece Internet?
1359,174,INTERNET,3,Conexión a internet
1360,174,INTERNET,3,Quees la World Wide Web (WWW)?
1361,174,INTERNET,3,Conocer los navegadorespara internet
1362,174,INTERNET,3,Que son los buscadores de internet
1363,174,INTERNET,3,Que es un correo electrónico
1364,174,INTERNET,3,Comunicación en on-line
1365,174,INTERNET,3,Compras por internet
1366,174,INTERNET,3,Seguridad en internet
1367,174,INTERNET,3,Blog y redes sociales
1368,174,INTERNET,3,Explicar a tu unidad que es el internet y la ventaja que aprender a usar el internet.
1369,174,INTERNET,3,Aprender a instalar y utilizar 2 navegadores.
1370,174,INTERNET,3,Buscar información que sean útiles para tu unidad en 3 buscadores diferentes.
1371,174,INTERNET,3,Crea una cuenta de e-mail basado en WWW (gratuito).
1372,174,INTERNET,3,Muestra como se escribe y envía un mensaje de correo electrónico.
1373,174,INTERNET,3,Describe las partes de una dirección de correo electrónico.
1374,174,INTERNET,3,Mantén contacto por correo electrónico con al menos 5 amigos(as).
1375,174,INTERNET,3,Qué es un hipervínculo.
1376,174,INTERNET,3,"Copia un archivo de la WWW, en el disco duro de tu computadora."
1377,174,INTERNET,3,Suscríbete a un foro electrónico scout.
1378,174,INTERNET,3,Crea un blog gratuito para tu unidad
1379,174,INTERNET,3,Crea un grupo en cualquier red social de tu unidad
1380,174,INTERNET,3,INTERPRETE/TRADUCTOR (Eligiendo un idioma)
1381,174,INTERNET,3,Investiga y explica sobre los orígenes del idioma que escogiste
1382,174,INTERNET,3,Investiga y expón los países en los que se habla el idioma que escogiste y averigua sobre su cultura y principales características.
1383,174,INTERNET,3,Investiga y aprende las reglas gramaticales básicas del idioma que escogiste.
1384,174,INTERNET,3,"Lee y traduce un pasaje de un libro, revista o periódico."
1385,174,INTERNET,3,Sostén  una  conversación  de  por  lo  menos  15  minutos  en  el  idioma  que escogiste.
1386,174,INTERNET,3,Escribe una carta o un ensayo de por  lo menos 400 palabras en el idioma que escogiste.
1387,174,INTERNET,3,"Adquiere conocimientos elementales de algún otro idioma, aparte del que escogiste."
1388,174,INTERNET,3,Ayuda de intérprete o traductor a alguna persona que lo requiera.
1389,175,LECTOR,3,Investiga y explica Los diferentes estilos literarios y explica las características de cada uno de ellos.
1390,175,LECTOR,3,Demuestra que Conoces los cuidados para la preservación de los libros.
1391,175,LECTOR,3,Menciona quienes obtuvieron el premio Nobel de Literatura (al menos 3  y el título de la obra premiada).
1392,175,LECTOR,3,Menciona al menos 10 autores nacionales y sus obras.
1393,175,LECTOR,3,Demostrar que sabes consultar un tema en la biblioteca.
1394,175,LECTOR,3,Explica cuál es el papel que cumple un crítico literario.
1395,175,LECTOR,3,"Averigua	toda	la	bibliografía	de	Baden	Powell,	lee	“Escultismo	para muchachos” y realiza una comparación con el escultismo actual."
1396,175,LECTOR,3,"Lee al menos 6 libros en el periodo aproximado de no más de 12 meses, éstos deberán incluir libros sobre Escultismo, novelas clásicas y otros sobre interés particular."
1397,175,LECTOR,3,"Elabora fichas bibliográficas para cada uno de ellos, las mismas deben incluir biografía del autor, estilo, tema y otros."
1398,175,LECTOR,3,Presenta tu carnet de lector de alguna biblioteca de tu ciudad
1399,175,LECTOR,3,Presenta una lista de las bibliotecas que hay en tu región.
1400,175,LECTOR,3,"Forma una Biblioteca, o amplía la existente en tu unidad, grupo o escuela, manteniéndola en perfectas condiciones y llevando un control de los libros, que entran y salen."
1401,175,LECTOR,3,"Realiza un resumen de uno de los libros que más te gustó, en no más de 3 páginas."
1402,175,LECTOR,3,Elabora un mapa conceptual sobre un libro que leíste
1403,176,MECANICO,3,Explica  cuales  son  las  principales  herramientas  utilizadas  en  talleres  de mecánica.
1404,176,MECANICO,3,Explica cuales son los materiales que se emplean en un taller mecánico y sus principales características.
1405,176,MECANICO,3,Indica los tipos de soldadura y en qué casos se utiliza.
1406,176,MECANICO,3,"Explica las partes principales y el funcionamiento de: el motor, sistema eléctrico y lubricación en un automóvil."
1407,176,MECANICO,3,Explica la mecánica de la caja de cambios.
1408,176,MECANICO,3,"Demuestra  que  puedes  utilizar  correctamente  herramientas  como  martillo, limas, llaves de tuercas, desarmadores, etc."
1409,176,MECANICO,3,Demuestra habilidad en cuatro de las siguientes operaciones:
1410,176,MECANICO,3,Verificar el nivel de aceite del motor y de la caja.
1411,176,MECANICO,3,Limpiar y ajustar bujías.
1412,176,MECANICO,3,Limpiar y pulir un automóvil.
1413,176,MECANICO,3,Sacar y limpiar un filtro de carburador.
1414,176,MECANICO,3,Sacar el agua de un radiador y limpiarlo.
1415,176,MECANICO,3,Cambiar una llanta
1416,176,MECANICO,3,Chequear la presión de los neumáticos.
1417,176,MECANICO,3,Prepara una lista de 6 puntos de inspección para la revisión de un automóvil tanto en apariencia como las condiciones de funcionamiento.
1418,177,METEORÓLOGO,3,Investiga y explica el origen y la evolución de la meteorología.
1419,177,METEORÓLOGO,3,Explica los mecanismos que determinan los diferentes fenómenos atmosféricos.
1420,177,METEORÓLOGO,3,Investiga y explica acerca de los diferentes tipos de nubes y su significado.
1421,177,METEORÓLOGO,3,Explica que instrumentos se utilizan en meteorología.
1422,177,METEORÓLOGO,3,Explica todas las unidades en las que se miden los fenómenos climatológicos.
1423,177,METEORÓLOGO,3,Investiga y explica todas las formaciones de nubes y como producen lluvia.
1424,177,METEORÓLOGO,3,"Prepara para toda tu unidad, una exposición con todo lo investigado anteriormente"
1425,177,METEORÓLOGO,3,"Visitar una estación meteorológica, identificando los métodos para el estudio y la predicción del tiempo."
1426,177,METEORÓLOGO,3,"Recopila datos brindados por el servicio Meteorológico durante un período de tiempo y vuélcalo en un cuadro comparativo. Extrae de ellos, los valores medios y extremos."
1427,177,METEORÓLOGO,3,"Construye tu base meteorológica casera con al menos 3 instrumentos (pluviómetro, barómetro, anemómetro, higrómetro, tanque de evaporación, termómetro y veleta)."
1428,177,METEORÓLOGO,3,"Registra diariamente el estado del tiempo, teniendo en cuenta: temperatura, presión, humedad, vientos, nubes y precipitaciones, basándote en tus observaciones, y compáralos con las del servicio meteorológico."
1429,177,METEORÓLOGO,3,"Realiza un registro de observaciones diarias del tiempo durante un mínimo de 4 meses incluyendo la temperatura, presión, vientos, y precipitación fluvial."
1430,177,METEORÓLOGO,3,"Realiza una predicción de los fenómenos atmosféricos, de un día que tu elijas según tus observaciones"
1431,178,MONTAÑISMO,3,"Define los conceptos de escalada deportiva en roca y andinismo, ¿cual es la diferencia?"
1432,178,MONTAÑISMO,3,"¿Cuáles son las cumbres más altas de Bolivia, y las cumbres mas altas de cada continente (Europa, Asia, África, Antártica, Sudamérica y Norteamérica)."
1433,178,MONTAÑISMO,3,Describe el equipo que se usa para la escalada en nieve y hielo.
1434,178,MONTAÑISMO,3,¿Cuáles son las normas de seguridad a seguir en la montaña o mientras se escala?
1435,178,MONTAÑISMO,3,¿Cuáles son los principios ambientales que se deben seguir en la montaña?
1436,178,MONTAÑISMO,3,"¿Qué es un peligro objetivo, qué es un peligro subjetivo?"
1437,178,MONTAÑISMO,3,"conocer todo el equipo de andinismo Mochila, cuerdas, herramientas de sujeción. De traslación de alimentación, de seguridad, de movilidad."
1438,178,MONTAÑISMO,3,Conocer la historia del montañismo nacional e internacional.
1439,178,MONTAÑISMO,3,¿Cuáles son las características de la cuerda estáticas y las cuerdas dinámicas y cuál el uso de cada una de ellas?
1440,178,MONTAÑISMO,3,Conocer la ropa apropiada y la forma correcta de vestirse en la montaña.
1441,178,MONTAÑISMO,3,"Conocer cabulleria, primeros auxilios y caminante"
1442,178,MONTAÑISMO,3,Muestra la forma correcta de ponerse  un arnés de cintura y un  arnés  de pecho.
1443,178,MONTAÑISMO,3,Muestra la forma correcta de conectar una cuerda al arnés.
1444,178,MONTAÑISMO,3,Muestra la forma de improvisar un arnés con cinta tubular.
1445,178,MONTAÑISMO,3,Muestra la forma de montar un anclaje con protección fija artificial y como montar un anclaje cuando no existe esta protección.
1446,178,MONTAÑISMO,3,Muestra la forma de guardar y mantener la cuerda y demás piezas de equipo.
1447,178,MONTAÑISMO,3,"Apareja un dispositivo de rapel, y desciende una altura no menor a 10 metros."
1448,178,MONTAÑISMO,3,Muestra la forma de ascender por una cuerda mediante ayudas mecánicas.
1449,178,MONTAÑISMO,3,Realiza 6 nudos que se usan en montañismo y explica su uso.
1450,178,MONTAÑISMO,3,Interpreta una hoja de descripción de ruta.
1451,178,MONTAÑISMO,3,Elabora un itinerario de escalada o salida al campo y realízalo con tu equipo.
1452,178,MONTAÑISMO,3,MUSICO (Eligiendo un instrumento musical)
1453,178,MONTAÑISMO,3,"Investiga y explica sobre la evolución de la música desde sus inicios hasta nuestros días, identificando sus principales características en diferentes épocas."
1454,178,MONTAÑISMO,3,"Explica los grupos de instrumentos musicales, explicando su clasificación"
1455,178,MONTAÑISMO,3,"Prepara  para  toda  tu  unidad,  una  exposición  con  todo  lo  investigado anteriormente"
1456,178,MONTAÑISMO,3,"Demuestra que sabes tocar satisfactoriamente, el instrumento musical que escogiste y explica los cuidados que se debe de tener con el mismo, su origen y evolución."
1457,178,MONTAÑISMO,3,Demuestra que puedes afinar el instrumento.
1458,178,MONTAÑISMO,3,Lee con facilidad una página de música simple
1459,178,MONTAÑISMO,3,Realiza un cancionero de 30 temas Scouts como mínimo y difúndelo en tu tropa y grupo.
1460,178,MONTAÑISMO,3,Dirige al menos 10 canciones scouts en un campamento o actividad scout.
1461,178,MONTAÑISMO,3,Realiza una pequeña biografía de tu músico favorito.
1462,178,MONTAÑISMO,3,Compone una canción ya sea en música o letra.
1463,178,MONTAÑISMO,3,"Realiza una lista de al menos, 10 grupos o solistas nacionales destacados a nivel internacional."
1464,178,MONTAÑISMO,3,Enseña a otro Pionero de tu Unidad a tocar el instrumento.
1465,178,MONTAÑISMO,3,Organiza un festival musical en tu grupo scout o distrito.
1466,179,NATACION,3,"Explica sobre los reglamentos, condiciones físicas y normas de seguridad que rigen para el desarrollo de la disciplina."
1467,179,NATACION,3,Forma parte de un club de natación
1468,179,NATACION,3,Nada en estilo libre al menos 100 metros sin descanso
1469,179,NATACION,3,Saber nadar en por lo menos cuatro estilos diferentes de competición.
1470,179,NATACION,3,Nadar por lo menos 100 metros con la ropa puesta.
1471,179,NATACION,3,"Desvestirse dentro el agua (pantalones, polera y medias)."
1472,179,NATACION,3,Poder Sumergirse hasta 2 m. de profundidad y sacar del fondo un objeto que pese por lo menos 2 Kg.
1473,179,NATACION,3,Sumergirse en el agua y realizar un recorrido de por lo menos 10 metros
1474,179,NATACION,3,Mantente a flote por un tiempo razonable según tu Sinodal.
1475,179,NATACION,3,"Demuestra que no tienes problemas al nadar en ríos, arroyos o lagunas."
1476,179,NATACION,3,"Debes saber tirarte de la orilla de cabeza y de pie, además de conocer las precauciones necesarias."
1477,179,NATACION,3,"Anima a los integrantes de tu equipo, unidad o grupo de amigos a que aprendan a nadar. En caso de que sepan, realicen una actividad acuática junto al sinodal."
1478,179,NATACION,3,"Demuestra junto al sinodal, que sabes hacer una maniobra de salvataje, con salvavidas y cuerda."
1479,180,ORATORIA,3,Demuestra que conoces las reglas básicas de la oratoria.
1480,180,ORATORIA,3,Demuestra que conoces las reglas básicas de pronunciación y modulación.
1481,180,ORATORIA,3,Realiza un curso de oratoria de al 10 Horas académicas
1482,180,ORATORIA,3,Realiza prácticas con grabadora para mejorar la oratoria.
1483,180,ORATORIA,3,Realiza Lectura en voz alta y con técnica frente a público para presentar lo siguiente:
1484,180,ORATORIA,3,Una noticia
1485,180,ORATORIA,3,Una propaganda
1486,180,ORATORIA,3,Un cuento
1487,180,ORATORIA,3,Un cuento infantil
1488,180,ORATORIA,3,Crea y diserta frente a público un discurso de por lo menos  7 minutos de cualquier tema de interés.
1489,180,ORATORIA,3,"Presenta en un lugar público, una charla sobre las características y beneficios de ser scout."
1490,181,ORIENTACION,3,Investiga y explica los tipos de orientación que existen.
1491,181,ORIENTACION,3,Explica que es la rosa de los vientos
1492,181,ORIENTACION,3,"Explica la ubicación geográfica de tu ciudad, Departamento y del país."
1493,181,ORIENTACION,3,Explica como se lee un mapa y lo relacionado a la cartografía.
1494,181,ORIENTACION,3,"Explica la historia de la brújula, su evolución, sus partes y el como utilizarla correctamente."
1495,181,ORIENTACION,3,Explica los diferentes métodos para obtener tiempos y distancias
1496,181,ORIENTACION,3,"Prepara para toda tu unidad, una exposición con todo lo investigado anteriormente."
1497,181,ORIENTACION,3,Demuestra que conoces por lo menos los 16 puntos principales de la rosa de los vientos.
1498,181,ORIENTACION,3,Demuestra que sabes leer correctamente un mapa y ubicar puntos específicos en él.
1499,181,ORIENTACION,3,Demuestra que sabes utilizar correctamente la brújula.
1500,181,ORIENTACION,3,Demuestra en que consisten por lo menos 5 métodos naturales diurnos para orientarte.
1501,181,ORIENTACION,3,Demuestra en que consisten por lo menos 5 métodos naturales nocturnos para orientarte
1502,181,ORIENTACION,3,Construye un reloj solar.
1503,181,ORIENTACION,3,"Aplica tus conocimientos organizando una actividad para tu equipo o unidad, que te permita hacerlo (caminata, raid, etc.)"
1504,182,ORNITOLOGO,3,Explica que estudia la ornitología
1505,182,ORNITOLOGO,3,Explica cuales son las especies de aves que están en vías de extinción en tu Departamento y el País.
1506,182,ORNITOLOGO,3,Explica cuales son los peligros a que están expuestas las aves silvestres de tu Departamento y como contrarrestarlas.
1507,182,ORNITOLOGO,3,"Investiga y explica por lo menos veinte familias de aves, no domésticas, que habiten en tu Departamento."
1508,182,ORNITOLOGO,3,"Realiza una investigación de por lo 5 especies de aves útiles para la agricultura en el control de plagas, insectos, hiervas y de 5 aves de rapiña útiles para el control de roedores."
1509,182,ORNITOLOGO,3,"Prepara para toda tu unidad, una exposición con todo lo investigado anteriormente"
1510,182,ORNITOLOGO,3,"Realiza un mapa del país, señalando las zonas donde se encuentran las aves en vías de extinción."
1511,182,ORNITOLOGO,3,"Observa durante varias horas, aves silvestres, en tres ambientes naturales distintos. Haz un informe de lo observado, que incluya bosquejos, grabaciones, fotografías, etc."
1512,182,ORNITOLOGO,3,"Reconoce por el sonido, sus nidos o huevos, diez tipos de aves."
1513,182,ORNITOLOGO,3,Construye 3 tipos de refugios para aves y colócalos en diferentes lugares.
1514,182,ORNITOLOGO,3,"Confecciona un álbum de recortes y/o fotografías de aves. Clasifícalas, según orden, familia, etc. Anota sus características, costumbres, hábitat y cualquier dato de interés"
1515,182,ORNITOLOGO,3,Participar en una campaña o un proyecto enfocado en la protección de las aves.
1516,182,ORNITOLOGO,3,"Alimenta aves durante por lo menos 2 meses, mediante la construcción de comederos y bebederos para aves."
1517,183,PERIODISTA,3,Explica cuales son las funciones de un periodista.
1518,183,PERIODISTA,3,Explica cuales son las reglas básicas de redacción periodística.
1519,183,PERIODISTA,3,"Explica los estilos periodísticos principales. Pirámide, Pirámide invertida, etc."
1520,183,PERIODISTA,3,"Explica las diferencias entre periodista de periódico, de radio y de televisión"
1521,183,PERIODISTA,3,"Consigue, lee y analiza el código ético del periodista. Con ejemplos y ve si se cumple en el país."
1522,183,PERIODISTA,3,"Prepara para toda tu unidad, una exposición con todo lo investigado anteriormente"
1523,183,PERIODISTA,3,Entrevista a un periodista sobre su profesión y utiliza la entrevista para realizar un corto artículo sobre el periodismo Escribe un artículo sobre el Escultismo en Bolivia.
1524,183,PERIODISTA,3,Presenta al menos 3 artículos relacionados con las actividades scouts.
1525,183,PERIODISTA,3,Escribe un artículo (tema libre) con datos que hayas obtenido en la hemeroteca de tu ciudad.
1526,183,PERIODISTA,3,"Presenta una  lista  completa  de  todos  los  medios de comunicación: radio, prensa y televisión de tu ciudad"
1527,183,PERIODISTA,3,Visita la sala de prensa de cualquier medio.
1528,183,PERIODISTA,3,Presenta algunos de los artículos al boletín informativo de tu grupo o distrito.
1529,183,PERIODISTA,3,Menciona al menos 10 periodistas destacados de tu país.
1530,183,PERIODISTA,3,Realiza y presenta una entrevista grabada a una de las autoridades Scout de tu distrito.
1531,183,PERIODISTA,3,Escribe un artículo sobre una actividad de impacto social en el que haya participado tu unidad.
1532,183,PERIODISTA,3,Escribe un artículo sobre el escultismo y su incidencia en la ciudad e inténtalo publicar en algún medio de publicación.
1533,183,PERIODISTA,3,Realiza al menos una entrevista a un scout extranjero acerca del escultismo en su país.
1534,184,PINTURA,3,"Investiga  y  explica  la  historia  de  la  pintura,  elige  algún  pintor  famoso  e investiga su vida y obras."
1535,184,PINTURA,3,Investiga cuáles son las galerías de arte más importantes del mundo y dónde se encuentran.
1536,184,PINTURA,3,Investiga  cuáles  son  las  pinturas  o  cuadros  más  importantes  del  mundo  y donde se encuentran.
1537,184,PINTURA,3,Investiga y explica cuales son las técnicas básicas de la pintura.
1538,184,PINTURA,3,Explica cuáles fueron las técnicas antiguas de la pintura desde el principio de la historia.
1539,184,PINTURA,3,Indica cuales son los implementos utilizados en este arte.
1540,184,PINTURA,3,Realiza una comparación de los diferentes estilos de acuerdo a la época indicando un pintor destacado de cada una.
1541,184,PINTURA,3,Demuestra  que  sabes  manejar  los  colores  primarios  y  obtener  los  colores secundarios.
1542,184,PINTURA,3,"Presenta  un  estudio  de  color  en	tres  tipos  diferentes  de  técnica  (Pastel, acuarela, óleo, etc.)"
1543,184,PINTURA,3,Demuestra que sabes restirar lienzos y repararlos.
1544,184,PINTURA,3,Organiza una visita con tu equipo a algún museo o galería de tu ciudad y con ayuda de un experto oriéntalos en la apreciación de las obras exhibidas.
1545,184,PINTURA,3,"Realiza al menos una pintura con la técnica de tu agrado, demostrando que dominas la técnica."
1546,184,PINTURA,3,"Organiza un taller de pintura para tu Unidad, tropa o para la manada."
1547,185,PIONERIAS,3,Requisitos::
1548,185,PIONERIAS,3,"Explica el uso adecuado de cada herramienta necesaria en campamentos: hacha, machete, sierra, daga, cortaplumas, etc."
1549,185,PIONERIAS,3,"Investiga y explica las ventajas y desventajas de al menos 3 tipos de cuerdas, en lo referente a materiales, grosor, peso, otros."
1550,185,PIONERIAS,3,Investiga y explica la forma de estimar la resistencia de una cuerda sólo conociendo su diámetro.
1551,185,PIONERIAS,3,"Prepara para toda tu unidad, una exposición con todo lo investigado anteriormente."
1552,185,PIONERIAS,3,"Debes saber y hacer uso de los siguientes nudos: ballestrinque, rizo, leñador, as de guía, arnés de hombre y vuelta de escota."
1553,185,PIONERIAS,3,"Deberás usar correctamente los amarres: cuadrado, diagonal, redondo y trípode."
1554,185,PIONERIAS,3,Demuestra que puedes desenredar con paciencia hasta terminar un bollo de cordel enredado.
1555,185,PIONERIAS,3,Ejecuta por lo menos tres anclajes diferentes.
1556,185,PIONERIAS,3,Confeccionar una muestra de 5 tipos de ensambles de madera.
1557,185,PIONERIAS,3,Trozar apropiadamente un tronco de un diámetro superior a 25 cm. y una longitud mínima de 3 mt.
1558,185,PIONERIAS,3,"Presenta una maqueta de campamento, indicando la disposición adecuada de carpas, construcciones y otros."
1559,185,PIONERIAS,3,"Toma parte en la ejecución de cuatro construcciones en campamento, utilizando cañahuecas, bolillos u otros; usando los amarres correctos."
1560,185,PIONERIAS,3,Construye un refugio de campamento; choza o algo similar haciendo uso de materiales naturales del lugar y que sea apropiado para ser ocupado por dos personas.
1561,185,PIONERIAS,3,"Ejecuta algunas habilidades de campamento como: mástil sin cavar, cocinas conservacionistas, instalar toldos, etc."
1562,186,PROGRAMADOR,3,Debes de conocer la cronología de lenguajes de programación.
1563,186,PROGRAMADOR,3,Debes conocer los paradigmas de programación.
1564,186,PROGRAMADOR,3,Debes saber por lo menos una técnica sencilla de Análisis de Sistemas.
1565,186,PROGRAMADOR,3,"Debes conocer por lo menos tres lenguajes de programación funcional, tres de programación estructurada y tres de programación orientada a objetos"
1566,186,PROGRAMADOR,3,Debes saber manejar perfectamente por lo menos	un lenguaje de programación.
1567,186,PROGRAMADOR,3,Debes de conocer el moldeamiento de entidad- relación
1568,186,PROGRAMADOR,3,Debes manejar por lo menos tres manejadores de base de datos.
1569,186,PROGRAMADOR,3,"Elabora un documento de requerimientos funcionales y no funcionales de un sistema que requiera tu unidad (seguimiento de asistencia, cuotas de tu unidad, plan de adelanto, etc)."
1570,186,PROGRAMADOR,3,"Elabora un documento de de casos de uso de un sistema que requiera tu unidad (seguimiento de asistencia, cuotas de tu unidad, plan de adelanto, etc)."
1571,186,PROGRAMADOR,3,"Elabora un documento de arquitectura donde muestres el diagrama de base de datos y otros dos diagramas (secuencia, despliegue, clases, etc ) de tu preferencia de un sistema que requiera tu unidad (seguimiento de asistencia, cuotas de tu unidad, plan de adelanto, etc)."
1572,186,PROGRAMADOR,3,"Programa un sistema que requiera tu unidad (seguimiento de asistencia, cuotas de tu unidad, plan de adelanto, etc). Usando el lenguaje de programación de tu preferencia usando conexión a un manejador de base de datos de tu preferencia"
1573,187,PROMOTOR DE LA PAZ,3,Explica la estructura de la ONU y de los organismos que dependen de ella.
1574,187,PROMOTOR DE LA PAZ,3,Investiga y explica que organizaciones a nivel mundial son afines  al Movimiento Scout.
1575,187,PROMOTOR DE LA PAZ,3,Lee la Declaración Universal de los Derecho Humanos y los Derechos de la niñez
1576,187,PROMOTOR DE LA PAZ,3,"Investiga y explica la vida, ideales, etc. de al menos 3 personas que promovieron la paz en el mundo."
1577,187,PROMOTOR DE LA PAZ,3,Investiga y explica acerca de 3 acontecimientos históricos en contra de la paz mundial.
1578,187,PROMOTOR DE LA PAZ,3,Investiga e indica quienes fueron los 5 últimos ganadores del premio Nobel de la paz y explica a tu Unidad los ideales de cada uno.
1579,187,PROMOTOR DE LA PAZ,3,"Explica qué significa la sigla UNESCO, cuándo fue creada y cuál es su propósito."
1580,187,PROMOTOR DE LA PAZ,3,Investiga y explica cuales son los acuerdos internacionales que Bolivia ha suscrito en materia de defensa de los derechos humanos y la promoción de la paz mundial.
1581,187,PROMOTOR DE LA PAZ,3,"Realiza un mural con recortes de noticias actuales, de periódicos nacionales o internacionales que vayan en afán de promover la paz en el mundo."
1582,187,PROMOTOR DE LA PAZ,3,Conoce las funciones de la O.N.U. y todas sus dependencias en Pro de la paz mundial.
1583,187,PROMOTOR DE LA PAZ,3,"Participa  en	actividades  de  promoción  de  la  paz  local,  nacional  e internacional."
1584,187,PROMOTOR DE LA PAZ,3,Demuestra que conoces los principales organismos que promueven la paz mundial y los que trabajan en defensa de los derechos humanos.
1585,187,PROMOTOR DE LA PAZ,3,Organiza una campaña de promoción de la paz	que trascienda tu grupo scout.
1586,187,PROMOTOR DE LA PAZ,3,Elabora un álbum fotográfico que refleje la destrucción a la que nos llevan las guerras.
1587,187,PROMOTOR DE LA PAZ,3,Elabora un álbum fotográfico que refleje la importancia de vivir en un mundo donde reine la paz entre todos.
1588,187,PROMOTOR DE LA PAZ,3,Expone ambos álbumes en tu unidad y grupo scout.
1589,188,PROMOTOR DE SALUD,3,conoce la importancia de los servicios básicos
1590,188,PROMOTOR DE SALUD,3,conoce la importancia y el impacto que tiene los agentes tóxicos en la salud de las personas
1591,188,PROMOTOR DE SALUD,3,"sabe las funciones de los servicios de primer, segundo y tercer nivel de atención medica"
1592,188,PROMOTOR DE SALUD,3,"conoce los distintos programas vigentes en nuestro país tales como Tuberculosis, dengue, sida, rabia, etc."
1593,188,PROMOTOR DE SALUD,3,conoce en que consiste las campañas de vacunación y cual es el esquema de vacunación vigente en nuestro país
1594,188,PROMOTOR DE SALUD,3,"conoce en que consiste el Pai 2, cuales son las enfermedades que reprotegen y cuales son las vacunas cual es la vía de administración y cual es la dosis"
1595,188,PROMOTOR DE SALUD,3,Demuestra que sabes las distintas vías de administración de vacunas y puedes colocar vacunas o registrar en la planilla
1596,188,PROMOTOR DE SALUD,3,"participa de una charla o curso sobre el pai donde se los adiestra en la vacunación, cadena de frió"
1597,188,PROMOTOR DE SALUD,3,participa con un grupo de amigos de una campaña de vacunación ya sea como registrador o como vacunador
1598,189,QUÍMICO,3,"Conoce qué estudia la química, sus ramas y su importancia en el desarrollo de la humanidad."
1599,189,QUÍMICO,3,"Las diferencias entre compuestos ácidos y básicos, presenta algunos ejemplos de uno y otro."
1600,189,QUÍMICO,3,La diferencia entre química inorgánica y química orgánica.
1601,189,QUÍMICO,3,Conoce el uso del material y los instrumentos más comunes en un laboratorio de química.
1602,189,QUÍMICO,3,"Haz un estudio de los productos utilizados en tu hogar, sobre los compuestos que contienen y su acción específica."
1603,189,QUÍMICO,3,"Explica qué es una reacción química, qué es un reactivo, un reactante y un catalizador."
1604,189,QUÍMICO,3,Haz  un  estudio  de  por  lo  menos  3  reacciones  químicas  que  utilizamos  en nuestra vida diaria y cómo podemos optimizarla.
1605,189,QUÍMICO,3,Indica cuáles son las medidas de seguridad en un laboratorio y los primeros auxilios necesarios en casos de accidente con compuestos peligrosos.
1606,189,QUÍMICO,3,Demuestra   que   conoces   el   sistema   de   clasificación   periódico   de   los elementos.
1607,189,QUÍMICO,3,"Participa  en  alguna  feria  de  ciencias  o  de  colegio,  donde  realices  algún experimento de química."
1608,189,QUÍMICO,3,Indica los usos comerciales e industriales de por lo menos 20 elementos de la tabla.
1609,189,QUÍMICO,3,Diseña un experimento en el que apliques todos tus conocimientos de química y muéstralo a tu Unidad o Grupo.
1610,190,REPOSTERIA,3,Explica el funcionamiento de un horno
1611,190,REPOSTERIA,3,Demuestra que conoces los utensilios que se utilizan en repostería.
1612,190,REPOSTERIA,3,Conoce el equivalente de pesos y medidas usuales en repostería.
1613,190,REPOSTERIA,3,Conoce los primeros auxilios para accidentes más comunes.
1614,190,REPOSTERIA,3,"Prepara  para  toda  tu  unidad,  una  exposición  con  todo  lo  investigado anteriormente"
1615,190,REPOSTERIA,3,Demuestra  que  utilizas  el  horno  tomando  en  cuenta  todas  las  normas  de seguridad necesarias.
1616,190,REPOSTERIA,3,Realiza un recetario para campamentos y difúndelo en tu unidad y grupo.
1617,190,REPOSTERIA,3,Demuestra que sabes decorar pasteles para distintas ocasiones.
1618,190,REPOSTERIA,3,Visita alguna repostería y elabora una exposición para tu unidad de todo lo observado.
1619,190,REPOSTERIA,3,Enseña a tu equipo a preparar al menos tres pasteles diferentes.
1620,190,REPOSTERIA,3,"Prepara un tipo de cada uno de los siguientes postres: galletas, gelatinas, pasteles horneados y en frío, confituras, budines y mermeladas y realiza una degustación en tu grupo y colegio."
1621,190,REPOSTERIA,3,Construye un horno de campamento y prepara al menos 3 recetas.
1622,191,SALUD ORAL,3,conoce la importancia de la salud oral
1623,191,SALUD ORAL,3,sabe cuantos dientes tiene el niño y el adulto y cual es la erupción dentaria en orden cronológico
1624,191,SALUD ORAL,3,conoce los procesos por los cuales se forman las caries
1625,191,SALUD ORAL,3,conoce los distintos procesos congénitos que afectan a los dientes
1626,191,SALUD ORAL,3,sabe la importancia de la prevención de caries y fluoración
1627,191,SALUD ORAL,3,demuestra que puedes evaluar y reconocer las lesiones de la cavidad oral
1628,191,SALUD ORAL,3,demuestra que puedes preparar solución fluorada para las campañas de fluoración
1629,191,SALUD ORAL,3,"participa en por lo menos 2 campañas de fluoración acompañando a profesionales de área (estudiantes, internos o médicos odontólogos)"
1630,191,SALUD ORAL,3,"realiza una campaña de educación e higiene bucal con niños pequeños (escuela, kinder, manada, hogares, etc.) enseñándoles la correcta técnica de cepillado y la importancia de tener una dentadura sana"
1631,192,SEGURIDAD VIAL,3,"Averigua  y  explica  acerca  de  las  principales  disposiciones  que  regulan  el tránsito de peatones, vehículos y ciclistas."
1632,192,SEGURIDAD VIAL,3,Averigua el significado de las señales de tránsito.
1633,192,SEGURIDAD VIAL,3,Demuestra  que conoces  los  significados  de	cada  uno de  los  colores  del Semáforo.
1634,192,SEGURIDAD VIAL,3,"Señala 5 reglas a seguir, al caminar en una carretera."
1635,192,SEGURIDAD VIAL,3,Explica el significado de 10 señales de transito restrictivas y las informativas.
1636,192,SEGURIDAD VIAL,3,Nombra las reglas de transito al manejar una bicicleta.
1637,192,SEGURIDAD VIAL,3,Realiza un mural con al menos 15 señales de transito PREVENTIVAS que tu conozcas.
1638,192,SEGURIDAD VIAL,3,"Da a conocer a tu Unidad, utilizando material audiovisual, recortes de periódico, etc. sobre las causas de accidentes de tránsito y las maneras de prevenirlos."
1639,192,SEGURIDAD VIAL,3,En una caminata de por lo menos 10 cuadras por el centro de tu ciudad apunta todas las faltas a las normas de transito cometidas ya sea por peatones como por conductores.
1640,192,SEGURIDAD VIAL,3,"Participa en campañas de prevención de accidentes, ruido excesivo, etc."
1641,192,SEGURIDAD VIAL,3,"Identifica con ayuda de tu equipo, situaciones de riesgo relacionadas con el tránsito en tu barrio o el de tu comunidad escolar y solicita a quien corresponda su solución."
1642,193,SERIGRAFISTA,3,Demuestra que conoces por lo menos 5 técnicas de impresión.
1643,193,SERIGRAFISTA,3,conoce	y   cataloga   los   materiales   serigráficos   según   las   técnicas apropiadas
1644,193,SERIGRAFISTA,3,Demuestra que conoces los distintos tipos de tintas que existen y que uso tiene cada una de ellas.
1645,193,SERIGRAFISTA,3,Describe cuáles son los colores básicos y cuáles son las combinaciones de las mismas para obtener los demás colores.
1646,193,SERIGRAFISTA,3,"Describe cuáles son las herramientas necesarias para la serigrafía, además de su uso y cuidado."
1647,193,SERIGRAFISTA,3,Describe como se queman negativos	y como se obtienen películas de serigrafía.
1648,193,SERIGRAFISTA,3,Dibuja un croquis de un taller de diseño gráfico con todos sus elementos y herramientas y describe a detalle cada una de ellas.
1649,193,SERIGRAFISTA,3,Confecciona viñetas por una impresión sencilla.
1650,193,SERIGRAFISTA,3,Demuestra que sabes utilizar la malla antes y después de la impresión.
1651,193,SERIGRAFISTA,3,Realiza un banderín decorativo para tu equipo.
1652,193,SERIGRAFISTA,3,diseña por lo menos 5 estampas diferentes a todo color.
1653,193,SERIGRAFISTA,3,Participa en un concurso de logotipo para cualquier actividad.
1654,193,SERIGRAFISTA,3,Presenta una polera impresa por ti mismo.
1655,193,SERIGRAFISTA,3,Inventa un tipo de letras original.
1656,193,SERIGRAFISTA,3,Enseña a imprimir tu propia insignia de equipo u otro logotipo afín para autoadhesivos.
1657,193,SERIGRAFISTA,3,Realiza una exposición para tu Grupo o unidad de todos los trabajos en serigrafía.
1658,193,SERIGRAFISTA,3,Realiza por lo menos 10 trabajos serigrafiados con técnicas y materiales distintos.
1659,193,SERIGRAFISTA,3,"Serigrafía una tasa, un cuero, un lapicero, una gorra y una polera"
1660,194,SOFTWARE DE COMPUTADORA,3,"Debe conocer el manejo completo de Dos Sistemas Operativos (MS-DOS, Microsoft Windows, Linux, UNIX, etc.) Debe conocer el manejo básico de Dos Sistemas Operativos (Windows, Linux, MAC os, etc.), su instalación y su manejo"
1661,194,SOFTWARE DE COMPUTADORA,3,"Debes manejar eficientemente un Procesador de Palabras, Planilla Electrónica."
1662,194,SOFTWARE DE COMPUTADORA,3,Debes manejar eficientemente un paquete estadístico.
1663,194,SOFTWARE DE COMPUTADORA,3,"Debes manejar eficientemente por lo menos dos Graficadores. Debes manejar eficientemente por lo menos un editor de imágenes (Photoshop, GIMP)."
1664,194,SOFTWARE DE COMPUTADORA,3,Debes de manejar eficientemente por lo menos un editor de video
1665,194,SOFTWARE DE COMPUTADORA,3,"Debes manejar eficientemente por lo menos un Administrador de base de Datos (Access, MySQL, POSTGRESS, etc), dos  Administradores de directorios y/o(total commander) archivos"
1666,194,SOFTWARE DE COMPUTADORA,3,Debes manejar eficientemente dos Antivirus.
1667,194,SOFTWARE DE COMPUTADORA,3,"Debes de conocer en concepto de direcciones ip (ipv4, ipv6)."
1668,194,SOFTWARE DE COMPUTADORA,3,Debes de conocer la configuración de redes por lo menos en 2 sistemas operativos
1669,194,SOFTWARE DE COMPUTADORA,3,Elabora dos pequeños manuales en un procesador de palabras que incluyan gráficos y tablas del manejo básico de los sistemas operativos que conozcas para el uso de tu unidad
1670,194,SOFTWARE DE COMPUTADORA,3,"Diseña en una planilla electrónica unos formularios de uso frecuente de tu unidad, logra la aprobación de tu unidad y su respectiva implementación."
1671,194,SOFTWARE DE COMPUTADORA,3,"Diseña en computadora por lo menos tres insignias, para actividades de tu unidad, con su respectivo certificado de participación."
1672,194,SOFTWARE DE COMPUTADORA,3,Elabora un cortometraje de las vivencias con tu unidad y/o actividades distritales.
1673,194,SOFTWARE DE COMPUTADORA,3,"Diseña una base de datos en Access, donde almacenes información de tus dirigentes, compañeros, de los campamentos y quienes asistieron y mantenlo actualizado por lo menos 4 meses."
1674,194,SOFTWARE DE COMPUTADORA,3,Demuestra que sabes manejar dos administradores de archivos a toda tu unidad.
1675,194,SOFTWARE DE COMPUTADORA,3,"Instala un antivirus en tu equipo y demuestra como utilizarlo en tu unidad, limpiadapor lo menos 1 computadora y 3 pen drivers."
1676,194,SOFTWARE DE COMPUTADORA,3,Explica en una exposición que son los virus y como se pueden proteger los equipos y otros dispositivos de almacenamiento.
1677,194,SOFTWARE DE COMPUTADORA,3,configura 3 computadoras para que estén en red y que cada una tenga acceso a internet.
1678,195,SOPORTE BÁSICO DE VIDA,3,"Conoce la anatomía básica de los sistemas Cardiaco, pulmonar, nervioso, gástrico, urinario y músculo esquelético"
1679,195,SOPORTE BÁSICO DE VIDA,3,"sabe diferenciar entre las situaciones de Emergencia, Urgencia, y condición de alto riesgo"
1680,195,SOPORTE BÁSICO DE VIDA,3,"Sabe cuales son los signos vitales y como se miden (Pulso o frecuencia cardiaca, frecuencia respiratoria, temperatura, presión arterial)"
1681,195,SOPORTE BÁSICO DE VIDA,3,conoce el ABC del auxiliador y sabe como dar soporte a las funciones vitales básicas.
1682,195,SOPORTE BÁSICO DE VIDA,3,sabe como organizar su escenario y como realizar el acercamiento inicial a una victima
1683,195,SOPORTE BÁSICO DE VIDA,3,sabe como utilizar y valorar el avds o mini examen neurológico
1684,195,SOPORTE BÁSICO DE VIDA,3,conoce los principios con los cuales actúa maniobras como rai rac rcp heimlich
1685,195,SOPORTE BÁSICO DE VIDA,3,puede elaborar un organigrama o árbol de decisiones con las acciones básicas a tomar
1686,195,SOPORTE BÁSICO DE VIDA,3,"sabe identificar las situaciones de alto riesgo como ser tec, shock, neumotórax a tensión, hemotórax o hemoneumotorax, tórax inestable, quemaduras, accidentes con ofidios o insectos además conoce las causas y acciones básicas a tomar"
1687,195,SOPORTE BÁSICO DE VIDA,3,"sabe que es una situación de urgencia y como identificarlas como ser contusiones, heridas, hemorragias leves, fracturas, etc."
1688,195,SOPORTE BÁSICO DE VIDA,3,"conoce cuales son los elementos básicos que deben de haber en un botiquín personal, de equipo, de rama, para el auto y de la casa"
1689,195,SOPORTE BÁSICO DE VIDA,3,"conoce y sabe manejar correctamente (indicaciones, reacciones adversas, dosificación etc.) un analgésico, antipirético, antiinflamatorio, antihistaminico, antiespasmódico"
1690,195,SOPORTE BÁSICO DE VIDA,3,"Demuestra haber cursado y aprobado un curso de Soporte Básico de Vida organizado a nivel grupo, rama, distrito o nacional o por otras instituciones especializadas."
1691,195,SOPORTE BÁSICO DE VIDA,3,"Toma los signos vitales como pulso, temperatura, frecuencia respiratoria, presión arterial, nivel de conciencia"
1692,195,SOPORTE BÁSICO DE VIDA,3,"Lleva a cabo correctamente la realización de maniobras como RAI, RAC, RCP y HEIMLICH"
1693,195,SOPORTE BÁSICO DE VIDA,3,Demuestra que puedes tratar quemaduras
1694,195,SOPORTE BÁSICO DE VIDA,3,"Demuestra que sabes las maniobras para cohibir hemorragias (compresión directa, uso de la gravedad, presión en vasos arteriales o venosos)"
1695,195,SOPORTE BÁSICO DE VIDA,3,"Demuestra que puedes hacer inmovilización de fracturas e incluso de fracturas especiales (clavícula, etc.)"
1696,195,SOPORTE BÁSICO DE VIDA,3,Participa del equipo de atención medica por lo menos en dos eventos ya sea nivel grupo o distritales
1697,196,RECICLADOR,3,Cuál es la clasificación de residuos sólidos y de los residuos líquidos.
1698,196,RECICLADOR,3,Cuáles son las fuentes de mayor basura en un campamento
1699,196,RECICLADOR,3,"Explicar en qué consiste los recursos naturales (agua, tierra, aire). Y describir con ejemplos como los contamina el hombre y si podríamos prevenir esta continua contaminación."
1700,196,RECICLADOR,3,La clasificación de la basura y su importancia.
1701,196,RECICLADOR,3,"Conocer los procesos  de transformación de algunos materiales en nuestro medio como ser las botellas de plástico, papel, vidrio ¿Qué hacen con ellos, como los usan?"
1702,196,RECICLADOR,3,Conocer en detalle el riesgo y las consecuencias que causan las bolsas de nylon o plástico al medio ambiente.
1703,196,RECICLADOR,3,Conocer en detalle el riesgo y las consecuencias que causan las baterías o pilas usadas cuando se botan a la basura de manera inadecuada.
1704,196,RECICLADOR,3,Promueve con tu equipo un proyecto de re utilización de basura.
1705,196,RECICLADOR,3,"Realiza un reglamento para tu equipo, para que evite la excesiva producción de basura."
1706,196,RECICLADOR,3,Construye el libro de oro de unidad o equipo	con papel reciclado que tú fabricaste.
1707,196,RECICLADOR,3,"Demuestra la eliminación de basura dentro de un campamento: orgánica, inorgánica, aceites."
1708,196,RECICLADOR,3,"Desarrollar una campaña de información y educación acerca del correcto manejo de los desechos, en tu barrio curso u otra unidad de tu grupo."
1709,197,TECNOLOGIA DE ALIMENTOS,3,Explica que sustancias químicas se pueden encontrar en los alimentos.
1710,197,TECNOLOGIA DE ALIMENTOS,3,Explica que estudia la nutrición y porque es importante.
1711,197,TECNOLOGIA DE ALIMENTOS,3,Explica como se clasifican los alimentos.
1712,197,TECNOLOGIA DE ALIMENTOS,3,Explica  los  cuidados  y  la  limpieza  que  deben  tener  los  distintos  tipos  de alimentos.
1713,197,TECNOLOGIA DE ALIMENTOS,3,Explica las causas del deterioro de los alimentos.
1714,197,TECNOLOGIA DE ALIMENTOS,3,"Explica los métodos de conservación de alimentos. (Ej. Pasteurización, salado en seco, salmuera, conservas, etc.)"
1715,197,TECNOLOGIA DE ALIMENTOS,3,Explica que alimentos son los de mayor producción en tu Departamento.
1716,197,TECNOLOGIA DE ALIMENTOS,3,"Prepara para toda tu unidad, una exposición con todo lo investigado anteriormente."
1717,197,TECNOLOGIA DE ALIMENTOS,3,Demuestra que conoces al menos 3 técnicas de conservación de alimentos.
1718,197,TECNOLOGIA DE ALIMENTOS,3,Visita una industria de alimentos en tu Departamento y realiza una exposición a tu Unidad de lo observado.
1719,197,TECNOLOGIA DE ALIMENTOS,3,"Elabora un cuadro, donde señales los principales alimentos que se producen en tu Departamento, clasificándolos por tipo y señalando sus principales características nutricionales."
1720,198,TRADICIONES INDIGENAS,3,Investiga y explica la política del Gobierno Boliviano con respecto al indigenismo y compáralo con la de otros países.
1721,198,TRADICIONES INDIGENAS,3,Investiga y explica que culturas indígenas existieron en nuestro territorio.
1722,198,TRADICIONES INDIGENAS,3,"Investiga y explica que culturas indígenas, aun existen en nuestro país, donde se ubican sus principales costumbres, su evolución histórica, su principal actividad económica, etc."
1723,198,TRADICIONES INDIGENAS,3,Investiga y explica los principales problemas con los que viven en las comunidades indígenas.
1724,198,TRADICIONES INDIGENAS,3,"Investiga como es un día normal para un: indígena el que tu prefieras (chiquitano, quechua, guaraní, etc.) y compara sus horarios, actividades, etc. en una tabla con la de un hombre de la ciudad."
1725,198,TRADICIONES INDIGENAS,3,Demuestra que conoces las lenguas indígenas del país y elaborar un diccionario con las palabras más comunes.
1726,198,TRADICIONES INDIGENAS,3,Conocer al menos una técnica que utilice la comunidad indígena escogida en la manufactura de sus bienes
1727,198,TRADICIONES INDIGENAS,3,Tener una colección de objetos indígenas que abarquen al menos 4 culturas del país y 2 extranjeras. al menos
1728,198,TRADICIONES INDIGENAS,3,Visita un museo o un centro de investigación relacionado al indigenismo.
1729,198,TRADICIONES INDIGENAS,3,Visita una comunidad indígena y prepara una exposición para tu unidad o grupo scout de lo que pudiste ver en la comunidad.
1730,198,TRADICIONES INDIGENAS,3,"Lleva a cabo un proyecto de difusión de una cultura indígena del país, en tu barrio, colegio, grupo scout, etc."
1731,199,TRANSMISIONISTA,3,Investiga y explica cuales son las señales internacionales para pedir socorro y otros
1732,199,TRANSMISIONISTA,3,Investiga y explica que códigos son los más utilizados en el mundo para transmisiones de mensajes.
1733,199,TRANSMISIONISTA,3,"Prepara para toda tu unidad, una exposición con todo lo investigado anteriormente."
1734,199,TRANSMISIONISTA,3,"Envía y recibe un mensaje completo de no menos de 35 palabras mediante el código morse, utilizando un zumbador, cuerda o cualquier artefacto que emita sonidos."
1735,199,TRANSMISIONISTA,3,"Envía y recibe el mismo mensaje por la noche, utilizando una linterna en forma intermitente."
1736,199,TRANSMISIONISTA,3,"Envía y recibe el mismo mensaje mediante el ""semáforo"" a una distancia de por lo menos 30 m."
1737,199,TRANSMISIONISTA,3,"Demuestra que conoces el Código morse, semáforo, murciélago, eucalipto, tip top y otras dos más."
1738,199,TRANSMISIONISTA,3,Indica en qué circunstancias se podrían utilizar estos tipos de transmisión de mensajes.
1739,199,TRANSMISIONISTA,3,Crea un tipo de código propio para que se puedan comunicar en clave entre los miembros de tu equipo.
1740,199,TRANSMISIONISTA,3,Realiza un taller de Transmisiones para los 1 o 2 de tu grupo.
1741,200,ZOOLOGIA,3,Explica que estudia la zoología y cuales son sus ramas
1742,200,ZOOLOGIA,3,Explica la clasificación del reino animal.
1743,200,ZOOLOGIA,3,Explica cuales son las especies en vías de extinción de tu Departamento y del país.
1744,200,ZOOLOGIA,3,Explica  los  peligros  a  los  que  están  expuestos  los  animales  silvestres  en  tu Departamento y en el país y como contrarrestarlos.
1745,200,ZOOLOGIA,3,Investigar y explica cual es la fauna nociva y como se la puede contrarrestar.
1746,200,ZOOLOGIA,3,"Prepara  para  toda  tu  unidad,  una  exposición  con  todo  lo  investigado anteriormente"
1747,200,ZOOLOGIA,3,"Realiza un mapa del país, señalando las zonas donde se encuentran los animales en vías de extinción."
1748,200,ZOOLOGIA,3,Visita un zoológico de alguna ciudad del país y prepara un informe de lo positivo y negativo que viste en el.
1749,200,ZOOLOGIA,3,"Participar como guía de la manada o la tropa de tu grupo, en la visita a un parque, reserva natural o zoológico, explicando las características de los animales que habitan en el."
1750,200,ZOOLOGIA,3,"Confecciona un álbum de recortes y/o fotografías de animales. Clasifícalas, según orden, familia, etc. Anota sus características, costumbres, hábitat y cualquier dato de interés"
1751,200,ZOOLOGIA,3,"Organiza un campamento con tu Unidad, en una reserva ecológica y coopera con los trabajos de preservación de fauna en ella."
1752,200,ZOOLOGIA,3,Participar en una campaña o un proyecto enfocado en la protección de la fauna.
1753,201,ACTOR,4,"Explica lo básico acerca de la historia del teatro, dónde y cuánto se inició y cuándo fue su apogeo."
1754,201,ACTOR,4,"Investiga  y  explica  al  menos  tres  expresiones  básicas  del  teatro  (drama, comedia, ficción)"
1755,201,ACTOR,4,"Explica  la  importancia  de  la  iluminación,  vestuario,  maquillaje,  sonido  y escenografía en una obra teatral."
1756,201,ACTOR,4,Menciona el nombre de 5 actores o actrices nacionales.
1757,201,ACTOR,4,Escribe un guion y represéntalo con tu equipo
1758,201,ACTOR,4,"Interpreta un monólogo breve de una obra de tu agrado, tomando en cuenta una buena vocalización."
1759,201,ACTOR,4,"Realiza  tres  caracterizaciones  de  distintos  personajes,  teniendo  en  cuenta maquillaje, vestuario y expresión corporal."
1760,201,ACTOR,4,Presenta un programa de pantomima de al menos 5 actos a tu Unidad.
1761,201,ACTOR,4,"Demostrar que es capaz de conectarse con el público, haciendo sentir al mismo parte del teatro, como en un diálogo donde el público es la segunda persona que no te responde"
1762,201,ACTOR,4,Memoriza un libreto de por lo menos 20 minutos de duración.
1763,201,ACTOR,4,Demuestra que conoces  al  menos  3  obras  de  teatro clásicas y tres  obras nacionales.
1764,201,ACTOR,4,Elabora una obra de teatro de por lo menos 15 minutos tomando en cuenta todos tus conocimientos teatrales.
1765,201,ACTOR,4,"Preparar  con  tiempo  de  anticipación  y  presentar  la  obra  teatral  que preparaste en tu unidad, grupo o distrito."
1766,201,ACTOR,4,"Pertenece a un elenco teatral de tu barrio, colegio, parroquia o grupo scout. Si no existiese, promueve su formación."
1767,202,AEROMODELISMO,4,Explica   la   mecánica   de   vuelo   y   menciona   los   tipos   de   aviones   en aeromodelismo.
1768,202,AEROMODELISMO,4,Explica cuales son las partes de un motor de aeromodelismo.
1769,202,AEROMODELISMO,4,Explica los diferentes tipos de materiales de construcción de un modelo de aeromodelismo e indica en qué partes del modelo se utilizan.
1770,202,AEROMODELISMO,4,Indica las características de una buena madera de balsa y en qué puntos del modelo se puede utilizar.
1771,202,AEROMODELISMO,4,"Explica la importancia del balanceado, centrado y diedro del ala."
1772,202,AEROMODELISMO,4,Demuestra que conoces todas las categorías de aeromodelos y las piruetas más importantes en vuelos radiocontrolados.
1773,202,AEROMODELISMO,4,Describe las herramientas necesarias para la construcción de aeromodelos.
1774,202,AEROMODELISMO,4,"Diseña y construye un modelo de pequeñas dimensiones (Fuselaje balsa 4 cm, ala balsa 2 cm, envergadura 25 cm, largo de fuselaje 25 cm, estabilizador 8 cm."
1775,203,AGRICULTOR,4,Investiga y explica como esta conformado el suelo.
1776,203,AGRICULTOR,4,Explica como se debe de conservar y preparar el suelo para la agricultura.
1777,203,AGRICULTOR,4,"Averigua y explica cuales son las herramientas y maquinarias, que se usan para agricultura."
1778,203,AGRICULTOR,4,Infórmate  sobre  diferentes tipos de ganados existentes en tu Departamento como también de las especies nativas del mismo.
1779,203,AGRICULTOR,4,"Explica cual es la importancia de la rotación de cultivos y la eliminación de plagas, de forma no contaminantes."
1780,203,AGRICULTOR,4,Explica los tipos y técnicas de cultivo que se utilizan en tu Departamento.
1781,203,AGRICULTOR,4,Explica que es la agricultura orgánica
1782,203,AGRICULTOR,4,"Prepara  para  toda  tu  unidad,  una  exposición  con  todo  lo  investigado anteriormente."
1783,203,AGRICULTOR,4,Fabrica abono con elementos no contaminantes.
1784,203,AGRICULTOR,4,Realiza una exposición para todo el grupo de la importancia de la agricultura para el país
1785,203,AGRICULTOR,4,"Organiza junto a tu Unidad, una salida a una finca o hacienda y colaboren en la reparación de cercas, alimentación de animales, etc."
1786,203,AGRICULTOR,4,"Prepara un pedazo de tierra, para su cultivo. En ella: Ara, siembra, cosecha, empaca y transporta lo cultivado en el tiempo adecuado."
1787,204,AJEDREZ,4,Investiga y explica la historia del ajedrez.
1788,204,AJEDREZ,4,Investiga y explica quienes fueron o son los mayores exponentes del ajedrez.
1789,204,AJEDREZ,4,Explica las reglas internacionales del ajedrez.
1790,204,AJEDREZ,4,Conoce al menos cinco aperturas.
1791,204,AJEDREZ,4,Conoce dos formas diferentes de llevar la anotación de una partida.
1792,204,AJEDREZ,4,Conoce las reglas internacionales de una partida de ajedrez y de un torneo.
1793,204,AJEDREZ,4,Conoce cinco defensas diferentes.
1794,204,AJEDREZ,4,"Prepara  para  toda  tu  unidad,  una  exposición  con  todo  lo  investigado anteriormente"
1795,204,AJEDREZ,4,reproduce  10  partidas  famosas  siguiendo  la  anotación  y  explícalas  a  un experto.
1796,204,AJEDREZ,4,Usa correctamente el reloj de juego.
1797,204,AJEDREZ,4,Organiza un torneo en tu unidad o grupo.
1798,204,AJEDREZ,4,Participa en uno o más torneos.
1799,205,ALFABETIZADOR,4,Investiga y explica los niveles de analfabetismo en el país y en tu departamento.
1800,205,ALFABETIZADOR,4,Investiga y explica si hay alguna institución dedicada a la alfabetización en tu departamento o ciudad y contáctala.
1801,205,ALFABETIZADOR,4,Capacítate como alfabetizador en la institución correspondiente.
1802,205,ALFABETIZADOR,4,"Coordina acciones específicas en actividades de alfabetización, ya sea que las realice tu grupo, escuela u otra organización."
1803,205,ALFABETIZADOR,4,Participa como alfabetizador en alguna campaña o proyecto que se realiza en tu Departamento.
1804,205,ALFABETIZADOR,4,Diseña y coordina un programa de promoción cultural para tu unidad y grupo scout.
1805,205,ALFABETIZADOR,4,Promueve y organiza la realización de talleres y actividades culturales en tu colegio.
1806,205,ALFABETIZADOR,4,"Realiza un proyecto de difusión de la cultura nacional, en tu ciudad."
1807,205,ALFABETIZADOR,4,"9.	Elabora un artículo sobre la experiencia al participar en la alfabetización de otra(s) persona(s), o en el incremento de su nivel cultural, publícalo en el mural o boletín de tu grupo o unidad."
1808,206,AMIGO DEL MUNDO,4,Investiga y explica la historia y geografía de por lo menos tres países de cada continente.
1809,206,AMIGO DEL MUNDO,4,"Investiga y explica la geografía, economía, organización social, organización política, costumbres y religión de por lo menos cinco países de diferente idioma."
1810,206,AMIGO DEL MUNDO,4,"Averigua y explica  la capital, moneda, presidente actual y la bandera de al menos 30 países."
1811,206,AMIGO DEL MUNDO,4,Explica los principales problemas que afectan a los países del tercer mundo
1812,206,AMIGO DEL MUNDO,4,Explica que es la globalización.
1813,206,AMIGO DEL MUNDO,4,"Explica sobre la Organización del Movimiento Scout y la Asociación Mundial de las Guías Scouts, como también su distribución por el mundo."
1814,206,AMIGO DEL MUNDO,4,"Recopila información, sobre el trabajo de otras organizaciones internacionales de cooperación y servicio."
1815,206,AMIGO DEL MUNDO,4,Reconoce los principales problemas mundiales.
1816,206,AMIGO DEL MUNDO,4,"Escoge un país de cualquier parte del mundo y realiza un mural con: Geografía, economía, organización social, producción, costumbres, etc. Te sugerimos colocar el mural en tu rincón de equipo."
1817,206,AMIGO DEL MUNDO,4,Participa en un evento internacional y conoce la mayor cantidad de gente posible.
1818,206,AMIGO DEL MUNDO,4,Mantén correspondencia con por lo menos 7 amigos de diferentes países.
1819,206,AMIGO DEL MUNDO,4,Consigue pañoletas y/o insignias scouts de 10 países.
1820,207,AMIGO DE MI PAIS,4,Explica la historia y geografía de nuestro país.
1821,207,AMIGO DE MI PAIS,4,Investiga	y explica cuales son las principales fuentes de ingresos para los habitantes de nuestro país.
1822,207,AMIGO DE MI PAIS,4,Investiga y explica cuales son los 5 lugares mas visitados por turistas en nuestro país.
1823,207,AMIGO DE MI PAIS,4,Investiga e indica que instituciones trabajan en tu departamento fomentando el desarrollo de nuestro país.
1824,207,AMIGO DE MI PAIS,4,"Demuestra que sabes de geografía de Bolivia, señalando en un mapa con rapidez: ciudades, provincias, poblaciones, ríos y montañas que se te nombre."
1825,207,AMIGO DE MI PAIS,4,"Conoce los principales sistemas de comunicación de Bolivia: Carreteras, ferrocarriles, aeropuertos, vías fluviales, radio, televisión y telefonía."
1826,207,AMIGO DE MI PAIS,4,"Demuestra que puedes identificar a las principales autoridades Nacionales y regionales: como Presidente, Vicepresidente y algunos ministros; Prefecto, Alcalde, etc."
1827,207,AMIGO DE MI PAIS,4,"Explica cómo los Scouts de Bolivia, trabajamos y contribuimos con el Desarrollo Nacional."
1828,207,AMIGO DE MI PAIS,4,"En un mapa de Bolivia, señala los lugares de interés histórico más importantes"
1829,207,AMIGO DE MI PAIS,4,"Presenta un cuadro o afiche con todos los símbolos patrios, su historia e importancia en las actividades cotidianas."
1830,207,AMIGO DE MI PAIS,4,"Participa de algún evento de carácter nacional, ya sea campamento, curso o taller."
1831,207,AMIGO DE MI PAIS,4,"Visita alguna provincia alejada, con tu familia o con tu equipo; presenta un reporte de tu visita, indicando los principales problemas que tiene y las posibles soluciones que planteas."
1832,207,AMIGO DE MI PAIS,4,Participa en una campaña de vacunación en tu ciudad o área rural.
1833,207,AMIGO DE MI PAIS,4,"Participa en actividades de desarrollo regional, TRO o campañas de prevención de drogas."
1834,208,ANIMADOR DE LA FE,4,"Investiga y explica por lo menos 4 religiones diferentes de la tuya: Su origen, Historia y Doctrinas más importantes"
1835,208,ANIMADOR DE LA FE,4,Investiga y presenta un resumen de la vida de por lo  menos  tres personalidades que se hayan destacado por haber vivido de acuerdo a los valores de su fe.
1836,208,ANIMADOR DE LA FE,4,Difunde en tu equipo la fe; además crea espacios de reflexión y diálogo sobre el tema.
1837,208,ANIMADOR DE LA FE,4,Idea algunas oraciones originales para momentos precisos dentro tus reuniones de patrulla o tropa.
1838,208,ANIMADOR DE LA FE,4,"Colabora con las celebraciones de tu Unidad, grupo y distrito."
1839,208,ANIMADOR DE LA FE,4,"Realiza un libro para la biblioteca del grupo, Rama, etc. (o completa el existente), en donde se anoten diferentes clases de reflexiones relacionadas con la Naturaleza, con la fe, etc."
1840,208,ANIMADOR DE LA FE,4,"Prepara, diferentes reflexiones / oraciones para: agradecer los alimentos, el final de un campamento, la inauguración de un evento, el equipo, un paso de rama, etc."
1841,208,ANIMADOR DE LA FE,4,"Participa activamente en una comunidad religiosa, desempeñando un cargo o función (Catequesis, pastoral juvenil, etc.)"
1842,208,ANIMADOR DE LA FE,4,"Organiza una celebración para un campamento o alguna fiesta del grupo, Unidad, equipo, grupo de amigos, etc."
1843,208,ANIMADOR DE LA FE,4,Prepara y anima con una reflexión para la ceremonia de una Promesa
1844,209,APICULTOR,4,Investiga y explica sobre el equipo y los instrumentos que se utilizan para la apicultura moderna.
1845,209,APICULTOR,4,Busca información sobre las clases de abejas y cómo pueden alimentarse artificialmente.
1846,209,APICULTOR,4,Investiga y explica la época en que florecen las plantas de tu zona y cuales producen néctar.
1847,209,APICULTOR,4,"Explica acerca de la miel, que elementos la conforman y cual es el origen de su uso."
1848,209,APICULTOR,4,"Investiga y explica los tipos de abejas que existen, indicando sus principales características y sus depredadores más comunes."
1849,209,APICULTOR,4,Investiga  y  explica sobre  las  lesiones  que  producen  el  mal  manejo  de  las abejas y los primeros auxilios correspondientes
1850,209,APICULTOR,4,Realiza un estudio taxonómico de las abejas y de la organización de una colonia de abejas.
1851,209,APICULTOR,4,"Prepara  para  toda  tu  unidad,  una  exposición  con  todo  lo  investigado anteriormente."
1852,209,APICULTOR,4,Realiza un listado de los productos que se desprenden de la apicultura.
1853,209,APICULTOR,4,"Con ayuda del Experto, cuida de un enjambre, y cría abejas. Encorcha y alimenta artificialmente las mismas"
1854,210,ASTRONOMO,4,Investiga y explica acerca de los eclipses solares y lunares.
1855,210,ASTRONOMO,4,Explica sobre el sistema solar y la vía láctea.
1856,210,ASTRONOMO,4,"Explica	sobre las  caras  de  la  luna,  sin  olvidar  la  localización de  mares  y cráteres."
1857,210,ASTRONOMO,4,Investiga y explica las teorías de la formación de planetas y sistemas.
1858,210,ASTRONOMO,4,Explica los conceptos generales sobre: Estrellas y satélites naturales.
1859,210,ASTRONOMO,4,Explica cuales son las estrellas que sobresalen y cómo se clasifican.
1860,210,ASTRONOMO,4,Explica sobre los Tipos y uso del telescopio.
1861,210,ASTRONOMO,4,"Explica  el  cambio  de  estaciones,  cambios  climáticos  y  movimientos  de  la tierra."
1862,210,ASTRONOMO,4,"Prepara  para  toda  tu  unidad,  una  exposición  con  todo  lo  investigado anteriormente."
1863,210,ASTRONOMO,4,Visita un observatorio astronómico.
1864,210,ASTRONOMO,4,Hallar los puntos cardinales mediante las constelaciones.
1865,210,ASTRONOMO,4,Conocer por lo menos 8 constelaciones de los dos hemisferios.
1866,210,ASTRONOMO,4,Determina la hora por medio del sol y las estrellas.
1867,210,ASTRONOMO,4,Reconoce constelaciones y estrellas en el firmamento.
1868,210,ASTRONOMO,4,"En una salida identificar mediante un telescopio cuerpos celestes (cúmulos, estrellas dobles, estrellas inestables, y nebulosas)."
1869,210,ASTRONOMO,4,Construye una maqueta del sistema solar y explica cada una de las estaciones del año y el movimiento aparente.
1870,210,ASTRONOMO,4,Construye un reloj de sol y leer la hora. Compárala con la hora oficial.
1871,211,ATLETISMO,4,Explica la historia y evolución del Atletismo
1872,211,ATLETISMO,4,Explica que disciplinas corresponden al atletismo.
1873,211,ATLETISMO,4,Saber de que se tratan las siguientes especialidades.
1874,211,ATLETISMO,4,Velocidad.
1875,211,ATLETISMO,4,Fondos
1876,211,ATLETISMO,4,Lanzamiento de bala
1877,211,ATLETISMO,4,Lanzamiento de jabalina
1878,211,ATLETISMO,4,Lanzamiento de disco.
1879,211,ATLETISMO,4,Salto con garrocha.
1880,211,ATLETISMO,4,Carrera de bayas.
1881,211,ATLETISMO,4,Carrera con obstáculos.
1882,211,ATLETISMO,4,Salto largo
1883,211,ATLETISMO,4,Salto alto
1884,211,ATLETISMO,4,Marcha
1885,211,ATLETISMO,4,Explica al menos las rutinas de ejercicios adecuados para tres disciplinas.
1886,211,ATLETISMO,4,"Explica el reglamento básico de al menos otras 3 competencias olímpicas de atletismo, de tu elección."
1887,211,ATLETISMO,4,"Demuestra que practicas, activamente y conoces claramente las reglas de al menos dos disciplinas."
1888,211,ATLETISMO,4,Demuestra que mantienes un buen estado físico.
1889,211,ATLETISMO,4,"Demuestra que llevas una dieta balanceada acorde a tu edad, y que conoces dietas adecuadas para la práctica de al menos dos disciplinas de atletismo."
1890,211,ATLETISMO,4,Demuestra que conoces las reglas de seguridad y los primeros auxilios en caso de accidentes.
1891,211,ATLETISMO,4,"Realiza un registro sobre el desarrollo de una disciplina elegida en el ámbito local, nacional e internacional (datos, recortes, fotografías, etc.)"
1892,211,ATLETISMO,4,Organiza competencias de atletismo con tu unidad
1893,211,ATLETISMO,4,Participa activamente en el equipo de atletismo de tu colegio.
1894,212,BAILE Y DANZA,4,Investiga y explica la evolución del baile y la danza.
1895,212,BAILE Y DANZA,4,Explica la clasificación de la danza y selecciona la de tu mayor agrado.
1896,212,BAILE Y DANZA,4,Investiga y explica los bailes modernos de los últimos 5 años y en que país se originaron.
1897,212,BAILE Y DANZA,4,Explica la importancia de la danza en el desarrollo de la cultura.
1898,212,BAILE Y DANZA,4,Demuestra que conoces las danzas típicas de tu Departamento y del país
1899,212,BAILE Y DANZA,4,"Demuestra que conoces los aspectos históricos de la danza que dominas, así como su vestuario."
1900,212,BAILE Y DANZA,4,"Prepara  para  toda  tu  unidad,  una  exposición  con  todo  lo  investigado anteriormente."
1901,212,BAILE Y DANZA,4,"Ejecuta ante público tres danzas, una folklórica, una clásicas y una moderna."
1902,212,BAILE Y DANZA,4,Demuestra que puedes bailar por lo menos seis ritmos diferentes.
1903,212,BAILE Y DANZA,4,"Demuestra que puedes bailar solo(a), con pareja o en grupo."
1904,212,BAILE Y DANZA,4,Demuestra que puedes improvisar un baile.
1905,212,BAILE Y DANZA,4,"Asiste a eventos, motivo de la especialidad."
1906,212,BAILE Y DANZA,4,Prepara con tu equipo o unidad una presentación para algún festival de danza.
1907,213,BOTÁNICO,4,La clasificación general de las plantas según sus características.
1908,213,BOTÁNICO,4,Las  partes   que  compone  una  planta  y   las   funciones   que  cada   una desempeña.
1909,213,BOTÁNICO,4,"Conoce cuales son las condiciones necesarias y adecuadas para el buen crecimiento de una planta, (tipo de suelo, fertilización, clima, enfermedades)."
1910,213,BOTÁNICO,4,Conoce los principales tipos de multiplicación artificial de plantas. Realiza con éxito uno de ellos.
1911,213,BOTÁNICO,4,Las características más importantes de una célula vegetal.
1912,213,BOTÁNICO,4,Conoce cuales son las plantas típicas más representativas de tu región.
1913,213,BOTÁNICO,4,"Explica según tu observación, el proceso de fecundación en una planta."
1914,213,BOTÁNICO,4,"Explica en qué consiste el proceso de fotosíntesis, respiración y transpiración."
1915,213,BOTÁNICO,4,"Identifica en el campo, por lo menos 20  plantas diferentes, incluyendo al menos dos plantas de los siguientes grupos: alimenticias, textiles, maderables, medicinales"
1916,213,BOTÁNICO,4,Presenta un herbario organizado según las partes de la planta y sus formas más representativas.
1917,214,CABUYERIA,4,Investiga y explica para que es importante la cabuyería y quienes la utilizan con mayor frecuencia.
1918,214,CABUYERIA,4,"Investiga y explica las ventajas y desventajas de al menos 3 tipos de cuerdas, en lo referente a materiales, grosor, peso, otros."
1919,214,CABUYERIA,4,Explica la forma de estimar la resistencia de una cuerda sólo conociendo su diámetro.
1920,214,CABUYERIA,4,Explica los cuidados que se debe tener al utilizar y almacenar las cuerda.
1921,214,CABUYERIA,4,"Prepara para toda tu unidad, una exposición con todo lo investigado anteriormente."
1922,214,CABUYERIA,4,"Demuestra que conoces las ventajas y desventajas de al menos 3 tipos de cuerdas, en lo referente a materiales, grosor, peso, otros."
1923,214,CABUYERIA,4,"Demuestra que conoces la terminología empleada en cabuyería, definiendo las palabras como: mena, cabo, cote, chicote, etc."
1924,214,CABUYERIA,4,"Demuestra que conoces al menos 5 nudos de unión, realízalos correctamente y explica sus utilidades."
1925,214,CABUYERIA,4,"Demuestra que conoces al menos 5 nudos de sujeción, realízalos correctamente y explica sus utilidades."
1926,214,CABUYERIA,4,"Demuestra que conoces al menos 5 nudos de remate, realizados correctamente y explica sus utilidades."
1927,214,CABUYERIA,4,"Demuestra que conoces al menos 5 eslingas, realízalas correctamente y explica sus utilidades."
1928,214,CABUYERIA,4,"Demuestra que conoces al menos 5 anclajes, realízalos correctamente y explica sus utilidades."
1929,214,CABUYERIA,4,"Realiza correctamente los siguientes amarres: cuadrado, diagonal, redondo, trípode; y explica sus utilidades."
1930,214,CABUYERIA,4,Elabora un cuadro de nudos con al menos 50 nudos que hayas realizado
1931,214,CABUYERIA,4,Realiza un Taller de cabuyería para los 1 o 2 de tu grupo.
1932,215,CAMPISMO,4,Investiga y explica que zonas existen en tu Región aptas para realizar campamentos.
1933,215,CAMPISMO,4,"Averigua como se toman en cuenta el tiempo, las condiciones climatológicas, la estación y el suministro de agua y las normas de seguridad, cuando se elige el lugar"
1934,215,CAMPISMO,4,"Prepara para toda tu unidad, una exposición con todo lo investigado anteriormente."
1935,215,CAMPISMO,4,Demuestra la manera correcta de empacar una mochila para una caminata de dos días.
1936,215,CAMPISMO,4,Demuestra en la práctica el respeto y el cuidado que merecen las plantas y animales de la naturaleza y la razón para ello.
1937,215,CAMPISMO,4,"Prepara maqueta de los siguientes tipos de fogatas: reflector, en cruz, polinesio y en estrella, construye y enciende una de ellas."
1938,215,CAMPISMO,4,Demuestra cómo se protege la leña en un día lluvioso y cómo se prepara comida en tales condiciones.
1939,215,CAMPISMO,4,"Demuestra cómo proteger el campamento incluyendo los alimentos, contra los animales, insectos, y el tiempo adverso"
1940,215,CAMPISMO,4,Demuestra la manera correcta de eliminar basura.
1941,215,CAMPISMO,4,"Elabora una maqueta de campamento de tropa, en la que se incluya el área de banderas y subcampos de patrulla, además la ubicación de cocina, comedor, letrinas y carpas."
1942,215,CAMPISMO,4,Elabora un cuadro con la típica distribución de responsabilidades en un campamento de patrullas de dos días.
1943,215,CAMPISMO,4,Construye una astucia de campamento demostrando el uso correcto de amarres y otra sin el uso de cuerdas.
1944,215,CAMPISMO,4,"Demuestra haber acampado por lo menos 20 noches en campamentos con tu Equipo, Unidad o grupo."
1945,216,CICLISMO,4,Explica el origen y la evolución de la bicicleta.
1946,216,CICLISMO,4,Explica las normas de tránsito que debe respetar un ciclista y los materiales y herramientas necesarios para el arreglo y mantenimiento de una bicicleta.
1947,216,CICLISMO,4,"Posee una bicicleta en buenas condiciones y equipada con lámpara, timbre, reflector trasero y delantero."
1948,216,CICLISMO,4,Explica el reglamento de transito de tu Departamento
1949,216,CICLISMO,4,Indica el manejo correcto de una bicicleta en una carrera de alta velocidad.
1950,216,CICLISMO,4,Indica el mantenimiento que debe seguir una bicicleta.
1951,216,CICLISMO,4,"Demuestra que sabes manejar correctamente  bicicleta  demostrando destreza y total dominio de la misma en alguna de las disciplinas (Ej. Velocidad, campo traviesa, ruta, acrobacia)."
1952,216,CICLISMO,4,Demuestra que sabes parchar correctamente las llantas.
1953,216,CICLISMO,4,"Desarma tu bicicleta, límpiala y vuelve a armarla, ajustando correctamente sus partes e indicando las funciones de cada una de ellas."
1954,216,CICLISMO,4,Demuestra que respetas el reglamento de tránsito de tu Departamento.
1955,216,CICLISMO,4,"Recorre 10 Km. de distancia en bicicleta de acuerdo a tu disciplina, ejecutando y cumpliendo todas las normas de seguridad."
1956,216,CICLISMO,4,"Organiza un raid por tu ciudad en bicicleta, con tu equipo, tomando en cuenta todas las medidas de seguridad Durante y enseña a tu equipo las principales reparaciones en el raid."
1957,217,CIVISMO,4,Explica sobre los poderes del Estado y sus funciones
1958,217,CIVISMO,4,"Lee la Constitución Política del Estado; e investiga algunos de tus derechos y obligaciones como ciudadano, y la organización del Gobierno Nacional, Departamentales y Municipales."
1959,217,CIVISMO,4,Escoge dos gobiernos extranjeros e investiga qué diferencias tiene con el gobierno de Bolivia.
1960,217,CIVISMO,4,Investiga y explica dónde y quiénes fueron los que firmaron el Acta de la Independencia.
1961,217,CIVISMO,4,Explica las consecuencias de ser un país mediterráneo y algunas soluciones que propondrías.
1962,217,CIVISMO,4,"Realiza un análisis con tu familia, de los servicios con los que cuenta tu ciudad y barrio."
1963,217,CIVISMO,4,Demuestra que conoces los símbolos patrios y su evolución histórica.
1964,217,CIVISMO,4,Demuestra que conoces las instituciones de servicio y las organizaciones de acción ciudadana de tu ciudad y colabora en algún proyecto con una de ellas.
1965,217,CIVISMO,4,Mostrar cómo debe usarse y cuidarse la bandera nacional; coordina los honores a la bandera dentro tu grupo o en campamento.
1966,217,CIVISMO,4,"Marca en un mapa de la comuna, la ubicación de los organismos públicos, principales servicios públicos   y privados, indicando sus funciones."
1967,217,CIVISMO,4,Haz un gráfico sobre la organización de tu gobierno local e indica los nombres de los principales funcionarios.
1968,217,CIVISMO,4,"Colabora con algún trámite familiar (Patentes, RUC, Catastro, etc.) en institución pública hasta su fin y explica los pormenores que tuviste."
1969,217,CIVISMO,4,"Recopila artículos de diferentes  opiniones, sobre algunos de los problemas existentes, en tu comunidad local."
1970,217,CIVISMO,4,"Entrevista a una autoridad municipal o vecinal, sobre algunos de estos problemas."
1971,217,CIVISMO,4,"Presencia y observa al menos una sesión del Consejo municipal o Departamental de tu ciudad, o algún organismo similar."
1972,217,CIVISMO,4,"Organiza y lleva a cabo con tu Equipo, Unidad, grupo scout, etc. una actividad de servicio, destinada a cooperar en beneficio y satisfacción del barrio, ante una necesidad de la misma."
1973,217,CIVISMO,4,Prepara una actividad con tu equipo o unidad para difundir y promocionar los “Derechos de la Niñez”
1974,217,CIVISMO,4,"Realiza una encuesta en dos barrios de tu ciudad, uno que se encuentre en el centro y el otro en un sector periurbano, sobre los servicios con los que cuentan, identifica las diferencias y elabora un reporte para darlo a conocer a las autoridades correspondientes."
1975,218,COCINA,4,"Investiga y explica sobre los diferentes grupos de alimentos y las formas de cómo pueden combinarse para producir una dieta balanceada. Reconociendo en alimentos frescos y envasados, características de deterioro y vencimiento."
1976,218,COCINA,4,Investiga y explica la manera de conservar los alimentos en buenas condiciones para su consumo.
1977,218,COCINA,4,"Prepara para toda tu unidad, una exposición con todo lo investigado anteriormente"
1978,218,COCINA,4,"Prepara un menú balanceado para un niño, un adulto y un anciano."
1979,218,COCINA,4,"Prepara un menú, para un día de verano y otro de invierno, con sus correspondientes recetas."
1980,218,COCINA,4,Cocina tres de los siguientes platos (comida o postre)
1981,218,COCINA,4,Un plato típico de la zona.
1982,218,COCINA,4,Un plato económico.
1983,218,COCINA,4,Un plato vegetariano.
1984,218,COCINA,4,Un plato para un enfermo celíaco o diabético.
1985,218,COCINA,4,Un plato de pocas calorías.
1986,218,COCINA,4,Un plato de otro país.
1987,218,COCINA,4,Elige un tipo de cocina regional o de algún país y aprende a elaborar al menos 3 platillos característicos.
1988,218,COCINA,4,Entrevista a un profesional de la cocina (chef o aprendiz)
1989,218,COCINA,4,"Prepara una cena completa y formal, adicionando el menú y todo su valor nutritivo, para todo tu equipo."
1990,219,COCINA DE CAMPAMENTO,4,Explica sobre los utensilios utilizados para cocinar en campamento y como podrías sustituirlos en caso de no contar con ellos.
1991,219,COCINA DE CAMPAMENTO,4,"Busca	información	sobre	diferentes	menús,	para	casos	de	diarrea	y estreñimiento en campamento."
1992,219,COCINA DE CAMPAMENTO,4,"Prepara  para  toda  tu  unidad,  una  exposición  con  todo  lo  investigado anteriormente."
1993,219,COCINA DE CAMPAMENTO,4,Construye un soporte para los utensilios de cocina.
1994,219,COCINA DE CAMPAMENTO,4,"Prepara un menú balanceado, para un campamento de invierno y otro para verano."
1995,219,COCINA DE CAMPAMENTO,4,Cocina en fogata al menos durante 5 campamentos.
1996,219,COCINA DE CAMPAMENTO,4,Demuestra  que conoces  y aplicas  correctamente  las  diferentes  formas  de empacar y conservar alimentos para campamentos de distintas duraciones.
1997,219,COCINA DE CAMPAMENTO,4,"Elabora un instructivo para la clasificación de los tipos de basura, practícalo permanentemente y promueve la aplicación en los equipos de tu unidad."
1998,219,COCINA DE CAMPAMENTO,4,"Demuestra  que  conoces  las  astucias  de  cocina  como  tipos  de  hornos, alacenas, refrigeradores y fogones."
1999,219,COCINA DE CAMPAMENTO,4,Cocina sin utensilios durante todo un campamento.
2000,219,COCINA DE CAMPAMENTO,4,Cocina los siguientes platos sin utensilios:
2001,219,COCINA DE CAMPAMENTO,4,Huevo duro.
2002,219,COCINA DE CAMPAMENTO,4,Pan de cazador (Pan de palo).
2003,219,COCINA DE CAMPAMENTO,4,Papa asada.
2004,219,COCINA DE CAMPAMENTO,4,"Presenta, prepara y cocina un menú completo para tu equipo, durante un campamento."
2005,219,COCINA DE CAMPAMENTO,4,"Realiza un libro de recetas de cocina para campamentos que incluya sopas, carnes, pescados, pollos, verduras frescas, bebidas y postres, así como alimentos ligeros para caminatas, adjuntando sus valores alimenticios."
2006,220,CONSERVACIONISTA,4,Identifica los recursos renovables y no renovables que existen en nuestro país.
2007,220,CONSERVACIONISTA,4,Explica con tus palabras que es desarrollo sostenible
2008,220,CONSERVACIONISTA,4,"Explicar en qué consisten  los recursos naturales (agua, tierra y  aire). Y describir con ejemplos como los contamina el hombre."
2009,220,CONSERVACIONISTA,4,Explicar que es el calentamiento global y cual sus consecuencias.
2010,220,CONSERVACIONISTA,4,Explica qué es un ecosistema y cuántos tipos existen en Bolivia.
2011,220,CONSERVACIONISTA,4,"Averigua cuántos y qué Parques Nacionales existen en Bolivia, la extensión de cada uno de ellos, su ubicación, clasificación y las principales especies de flora y fauna que resguardan."
2012,220,CONSERVACIONISTA,4,"Investiga a fondo por lo menos diez especies de animales y diez especies de plantas que actualmente están en peligro de extinción, el ecosistema en que viven, las causas que producen su riesgo de desaparición y cómo podríamos ayudar a su conservación."
2013,220,CONSERVACIONISTA,4,Informarse acerca de la manera de generación de energía en nuestro país y el impacto ecológico que produce
2014,220,CONSERVACIONISTA,4,Conoce qué son las energías alternativas.
2015,220,CONSERVACIONISTA,4,Cuáles son los residuos que más contaminan en un campamento y la influencia de estos en el medio ambiente.
2016,220,CONSERVACIONISTA,4,Participa activamente de la campaña “A limpiar el Mundo” (Clean up the World).
2017,220,CONSERVACIONISTA,4,Ponte como meta visitar tres de  los parques nacionales que investigaste como mínimo en dos años.
2018,220,CONSERVACIONISTA,4,"Visita a las Instituciones de tu región que trabajan en la conservación del ambiente, y averigua que hacen por éste."
2019,220,CONSERVACIONISTA,4,Organiza por lo menos una actividad conservacionista.
2020,220,CONSERVACIONISTA,4,Realiza en campamentos un mínimo de 5 clases de fogones conservacionistas.
2021,220,CONSERVACIONISTA,4,Construye un calentador solar de agua en un campamento.
2022,220,CONSERVACIONISTA,4,DEFENSA PERSONAL (Eligiendo una Disciplina)
2023,220,CONSERVACIONISTA,4,"Explica sobre el desarrollo de la disciplina elegida en el ámbito local, nacional e internacional (datos, recortes, fotografías, etc.)."
2024,220,CONSERVACIONISTA,4,Explica las normas que rigen la disciplina.
2025,220,CONSERVACIONISTA,4,Explica en tu unidad los beneficios de la práctica de la disciplina que elegiste.
2026,220,CONSERVACIONISTA,4,Inculca en tu unidad actitudes únicamente de defensa y nunca de ataque.
2027,220,CONSERVACIONISTA,4,"Demostrar	capacidad	y	avance	en	la	disciplina	que	seleccionaste, identificando en que te ha ayudado a mejorar como persona."
2028,220,CONSERVACIONISTA,4,Demuestra que conoces las reglas de la disciplina.
2029,220,CONSERVACIONISTA,4,Practica una rutina que te permita mantenerte en un buen estado físico.
2030,220,CONSERVACIONISTA,4,Demuestra que sabes:
2031,220,CONSERVACIONISTA,4,Defenderte de un ataque por la espalda.
2032,220,CONSERVACIONISTA,4,Defenderte de un ataque frontal sujeto de las muñecas.
2033,220,CONSERVACIONISTA,4,Defenderte de un ataque lateral sujeto de un brazo.
2034,220,CONSERVACIONISTA,4,Defensa de ataque frontal o lateral de ataque con puño.
2035,220,CONSERVACIONISTA,4,Defenderte de un golpe de gancho de puño.
2036,220,CONSERVACIONISTA,4,Defenderte de un ataque frontal o lateral.
2037,220,CONSERVACIONISTA,4,"Practica la disciplina regularmente, en un centro de deportes habilitado."
2038,220,CONSERVACIONISTA,4,Participa en competencias o demostraciones
2039,220,CONSERVACIONISTA,4,"Organiza  una  competencia  de  la  disciplina  para  tu  Unidad,  grupo  scout, barrio, escuela, etc."
2040,220,CONSERVACIONISTA,4,DEPORTISTA (Eligiendo una Disciplina)
2041,220,CONSERVACIONISTA,4,Explica los beneficios directos e indirectos de la practica del deporte
2042,220,CONSERVACIONISTA,4,Explica las normas y reglas del deporte que practicas
2043,220,CONSERVACIONISTA,4,"Investiga y explica la organización del Deporte a nivel Regional, Nacional e internacional."
2044,220,CONSERVACIONISTA,4,"Indica en qué puede influir la droga, el alcohol y el cigarrillo en el rendimiento del deportista."
2045,220,CONSERVACIONISTA,4,Demuestra que conoces las instancias organizativas del deporte en el ámbito nacional.
2046,220,CONSERVACIONISTA,4,"Prepara  para  toda  tu  unidad,  una  exposición  con  todo  lo  investigado anteriormente"
2047,220,CONSERVACIONISTA,4,Haz una presentación donde identificas los beneficios directos e indirectos de la práctica deportiva.
2048,220,CONSERVACIONISTA,4,Demuestra que practicas diariamente el deporte de tu preferencia y forma parte de la selección de tu colegio o de un club.
2049,220,CONSERVACIONISTA,4,"Elabora un cronograma de rutina de un día normal de un deportista, además, incluye la dieta adecuada que debe seguir."
2050,220,CONSERVACIONISTA,4,"Demuestra  que  conoces  las  enfermedades  deportivas  y/o  lesiones  más comunes, generadas por el deporte que practicas."
2051,220,CONSERVACIONISTA,4,"Planifica, organiza y ejecuta una tarde deportiva en tu Unidad o Grupo."
2052,220,CONSERVACIONISTA,4,"Elabora un folleto que promueva la práctica continua del Deporte y difúndelo en tu equipo, unidad, grupo, amigos y familia."
2053,220,CONSERVACIONISTA,4,Participa  en  al  menos  una competencia  o  campeonato del  deporte  que practicas.
2054,221,DISEÑADOR GRÁFICO,4,Demuestra que conoces	los paquetes básicos  de  diseño gráfico y los paquetes básicos de computación.
2055,221,DISEÑADOR GRÁFICO,4,Demuestra  que  conoces  los  colores  básicos  que  se  utilizan  en  diseño gráfico para la composición de la imagen.
2056,221,DISEÑADOR GRÁFICO,4,Explica qué es una separación de color de una imagen.
2057,221,DISEÑADOR GRÁFICO,4,"Opera al menos tres paquetes gráficos, y dos de fotografía y color."
2058,221,DISEÑADOR GRÁFICO,4,Demuestra  tus  conocimientos  en  un  paquete  con  el  cual  tu  trabajes preferentemente.
2059,221,DISEÑADOR GRÁFICO,4,conocer una grafica digital.
2060,221,DISEÑADOR GRÁFICO,4,Investiga y obtén conocimientos básicos de marketing.
2061,221,DISEÑADOR GRÁFICO,4,"Realiza un tríptico, un póster y una publicación de una empresa pionera de tu unidad, que contenga fondos, efectos, fotografías y textos."
2062,221,DISEÑADOR GRÁFICO,4,Imprimir el tríptico en separación de color.
2063,221,DISEÑADOR GRÁFICO,4,Retocar una fotografía borrando sus defectos.
2064,221,DISEÑADOR GRÁFICO,4,Redibujar una ilustración sencilla (Logo de unidad y logo de grupo).
2065,221,DISEÑADOR GRÁFICO,4,Realiza un collage de al menos tres elementos (montaje fotográfico).
2066,221,DISEÑADOR GRÁFICO,4,Hazte cargo por 6 meses de la publicación y diseño de todos los materiales gráficos de tu unidad.
2067,222,EMPRENDEDOR DE NEGOCIOS,4,Investiga sobre las diferentes posibilidades de negocio que te podrían interesar.
2068,222,EMPRENDEDOR DE NEGOCIOS,4,"Según el lugar, región y/o departamento donde vives  identifica un negocio que te interese e identifica las oportunidades y obstáculos que tendrías."
2069,222,EMPRENDEDOR DE NEGOCIOS,4,Investiga sobre lo que es una ventaja competitiva y lo que es una ventaja comparativa. Analízalo en la actividad que vas a emprender.
2070,222,EMPRENDEDOR DE NEGOCIOS,4,"Organiza un Grupo de Trabajo, para desarrollar tu empresa, teniendo en cuenta el perfil de persona necesario para cada responsabilidad, trazándote una meta de negocio con un determinado tiempo para alcanzarla."
2071,222,EMPRENDEDOR DE NEGOCIOS,4,Realiza una investigación de mercado para la empresa que te interesa.
2072,222,EMPRENDEDOR DE NEGOCIOS,4,"Grafica con tu Grupo de Trabajo el camino de vida que va a seguir tu negocio, teniendo en cuenta los posibles obstáculos que averiguaste."
2073,222,EMPRENDEDOR DE NEGOCIOS,4,Elabora un plan de negocios donde incluya un análisis “FODA” que sea lo más cercano a tu realidad.
2074,222,EMPRENDEDOR DE NEGOCIOS,4,"Ejecuta el plan de negocios que has realizado, y evalúa el éxito obtenido"
2075,223,ENTOMOLOGO,4,Investiga y explica la diferencia entre insectos benéficos y perjudiciales con ejemplos
2076,223,ENTOMOLOGO,4,"Explica la relación que guardan los insectos con otros seres vivos, así como su importancia en el equilibrio ecológico"
2077,223,ENTOMOLOGO,4,Explica la forma de clasificación de los insectos y sus fundamentos.
2078,223,ENTOMOLOGO,4,Investiga y explica sobre insectos nocivos para la agricultura y explica en qué consiste el
2079,223,ENTOMOLOGO,4,control de plagas con otros insectos (control biológico).
2080,223,ENTOMOLOGO,4,"Explica la metamorfosis de un insecto, observa y descríbela en una especie (Ej. Mariposa, mosca, escarabajo)"
2081,223,ENTOMOLOGO,4,"Prepara  para  toda  tu  unidad,  una  exposición  con  todo  lo  investigado anteriormente."
2082,223,ENTOMOLOGO,4,"Observa y diferencia al menos 30 especies diferentes de insectos: sus hábitos, los lugares donde se encuentran y sus utilidades o si son dañinos."
2083,223,ENTOMOLOGO,4,Observar Una colonia de insectos y presentar una exposición a tu Unidad de las conclusiones obtenidas.
2084,223,ENTOMOLOGO,4,"Visita un centro de investigación de insectos, identifica su interrelación con otras actividades, coméntalo mediante una exposición en tu unidad."
2085,223,ENTOMOLOGO,4,"Durante un campamento o excursión, haz una colecta de un día y noche, sólo de insectos que no sean benéficos y prepara tu insectario debidamente."
2086,223,ENTOMOLOGO,4,Explica a tu unidad las características de los insectos que atrapaste.
2087,223,ENTOMOLOGO,4,Identifica un foco de reproducción de insectos perjudiciales y contribuye a su eliminación
2088,224,ESCALADA DEPORTIVA EN ROCA,4,"Explica la diferencia entre escalda en LÍDER, TOP y BOULDER."
2089,224,ESCALADA DEPORTIVA EN ROCA,4,"Explica las partes características y uso de cordinos, cuerda, arnés, zapatillas, mosquetones, cintas, aparatos de aseguramiento, bolsa de magnesio y vestuario."
2090,224,ESCALADA DEPORTIVA EN ROCA,4,Explica las normas generales de seguridad en la escalada deportiva.
2091,224,ESCALADA DEPORTIVA EN ROCA,4,Repite las voces y comandos de escalada.
2092,224,ESCALADA DEPORTIVA EN ROCA,4,Explique los principios y normas ambientales.
2093,224,ESCALADA DEPORTIVA EN ROCA,4,Explique la clasificación técnica de las rutas de escalada.
2094,224,ESCALADA DEPORTIVA EN ROCA,4,Demuestre las técnicas de aseguramiento.
2095,224,ESCALADA DEPORTIVA EN ROCA,4,Demuestre las técnicas básicas de agarre y pisadas.
2096,224,ESCALADA DEPORTIVA EN ROCA,4,Demuestra las técnicas y normas de seguridad para realizar un anclaje.
2097,224,ESCALADA DEPORTIVA EN ROCA,4,Escalar una vía 6a o superior en Top.
2098,224,ESCALADA DEPORTIVA EN ROCA,4,Escalar una vía de nivel 5 o superior en líder.
2099,224,ESCALADA DEPORTIVA EN ROCA,4,Realiza los siguientes nudos:
2100,224,ESCALADA DEPORTIVA EN ROCA,4,Ocho
2101,224,ESCALADA DEPORTIVA EN ROCA,4,Cinta.
2102,224,ESCALADA DEPORTIVA EN ROCA,4,Dinámico.
2103,224,ESCALADA DEPORTIVA EN ROCA,4,Pescador.
2104,224,ESCALADA DEPORTIVA EN ROCA,4,Ballestrinque.
2105,224,ESCALADA DEPORTIVA EN ROCA,4,"Marchand y Prusick, explicar  porqué  es  mejor utilizar el marchand y olvidar el prusiano."
2106,224,ESCALADA DEPORTIVA EN ROCA,4,Bulim para encordamiento
2107,224,ESCALADA DEPORTIVA EN ROCA,4,Resolver un problema de Boulder a vista.
2108,225,ESCRITOR,4,Investiga y explica la historia y evolución de la literatura.
2109,225,ESCRITOR,4,"Explica los diferentes géneros literarios (novela, cuento, historia, ensayo, etc.)"
2110,225,ESCRITOR,4,Investiga y explica los derechos de autor en nuestro país.
2111,225,ESCRITOR,4,Explica que es prosa y verso.
2112,225,ESCRITOR,4,"Prepara  para  toda  tu  unidad,  una  exposición  con  todo  lo  investigado anteriormente."
2113,225,ESCRITOR,4,"Demuestra que conoces las reglas de ortografía, puntuación, gramática y de sintaxis."
2114,225,ESCRITOR,4,Presenta un escrito de no menos de 2 páginas de tema libre tomando en cuenta tus conocimientos en las reglas mencionadas en el anterior punto.
2115,225,ESCRITOR,4,Tienes nociones básicas sobre el manejo de frases y párrafos en escritos.
2116,225,ESCRITOR,4,Elige uno de los estilos literarios de tu agrado y escribe una obra con él.
2117,225,ESCRITOR,4,"Cuenta a tu unidad algún cuento o novela que hayas escrito, no olvidando las partes de una narración (Presentación, nudo o problema y desenlace)."
2118,225,ESCRITOR,4,Realiza la biografía del autor que más te guste.
2119,225,ESCRITOR,4,"Colabora con  el  periódico,  mural  o boletín  de  tu  unidad,  grupo  o  distrito durante un periodo mínimo de 2 meses."
2120,225,ESCRITOR,4,"Logra que una de tus obras sea publicada en cualquier boletín, revista juvenil, Periódico, memoria anual, etc."
2121,226,EXCURSIONISMO,4,"Investiga y explica a detalle las buenas prácticas de excursionismo incluyendo el cuidado de los pies y uñas, tratamiento de las ampollas, tipo de vestimenta, calzados y medias, correcta forma de caminar con o sin mochila, las reglas de seguridad en una caminata por carretera, obtención de agua potable y realización de los fuegos de cocina, etc."
2122,226,EXCURSIONISMO,4,Investiga y explica cómo puedes orientarte sin el uso de la brújula de día y de noche
2123,226,EXCURSIONISMO,4,Investiga y explica que es la rosa de los vientos.
2124,226,EXCURSIONISMO,4,Indica por lo menos 16 puntos principales de la rosa de los vientos.
2125,226,EXCURSIONISMO,4,"Prepara para toda tu unidad, una exposición con todo lo investigado anteriormente."
2126,226,EXCURSIONISMO,4,"Explica y demuestra donde sea posible, los principales puntos de las buenas prácticas de excursionismo."
2127,226,EXCURSIONISMO,4,Realiza tres amarres con los nudos correctos e indica su uso y funciones.
2128,226,EXCURSIONISMO,4,Muestra las variantes en forma y función de tres eslingas y demuestra tres formas de remates y empalmes.
2129,226,EXCURSIONISMO,4,"Demuestra la construcción de cuatro clases de cocinas, de las cuales dos sean con conservador de calor (conservacionistas)."
2130,226,EXCURSIONISMO,4,Realiza pan de cazador
2131,226,EXCURSIONISMO,4,"Usando métodos improvisados, estima tres distancias no mayores a 800 metros y tres alturas no mayores a 30 metros con un error no mayor al 10 %."
2132,226,EXCURSIONISMO,4,"Calcula usando tu paso normal, distancias accesibles de 30 y 50 metros con un error máximo de 10%."
2133,226,EXCURSIONISMO,4,Realiza una caminata de al menos 10 Km. Empleando un mapa y medios de orientación naturales.
2134,227,FILATELIA,4,Investiga y explica la historia y el origen del correo en Bolivia y el mundo
2135,227,FILATELIA,4,"Investiga y explica el origen de los sellos postales; también, explica el propósito para que los usaran."
2136,227,FILATELIA,4,Explica las características de un sello de buena condición filatélica y los tipos de sellos postales que existen.
2137,227,FILATELIA,4,"Conoce las condiciones en el ambiente filatélico que le dan valor a un sello, además explicar por qué el valor de un sello postal puede diferir del valor en los catálogos"
2138,227,FILATELIA,4,Conoce el equipo básico de un filatelista y demuestra su uso y cuidados
2139,227,FILATELIA,4,Conoce la organización de algún club o organismo filatélico del país.
2140,227,FILATELIA,4,Explica el propósito de cada uno de los siguientes tipos de sellos:
2141,227,FILATELIA,4,Conmemorativo
2142,227,FILATELIA,4,Permanente
2143,227,FILATELIA,4,Aéreo
2144,227,FILATELIA,4,semipostal
2145,227,FILATELIA,4,Seguro postal
2146,227,FILATELIA,4,Precancelado
2147,227,FILATELIA,4,"Prepara para toda tu unidad, una exposición con todo lo investigado anteriormente."
2148,227,FILATELIA,4,Demuestra que estas familiarizado con los términos mas utilizados en la filatelia.
2149,227,FILATELIA,4,"Demuestras que conoces los diferentes tipos de álbumes, como montar los sellos postales en un álbum con y sin charnelas, muestra los manejos y cuidados adecuados para los sellos postales."
2150,227,FILATELIA,4,"Explica los motivos y características que usas para formar una colección de sellos postales, explica el propósito de cada uno de los siguientes tipos de sellos: Permanente, conmemorativo, aéreo, semipostal, seguro postal y precancelado."
2151,227,FILATELIA,4,"De tu colección, cuáles son los sellos más atractivos y el por qué de esta consideración."
2152,227,FILATELIA,4,Expone tu colección de por lo menos 300 sellos postales.
2153,228,FOTÓGRAFO,4,La historia de la fotografía. ¿Quien invento la maquina fotográfica? ¿en que año y país?.
2154,228,FOTÓGRAFO,4,Que es la fotografía? Que es una cámara fotográfica?
2155,228,FOTÓGRAFO,4,Mencionar 5 tipos de cámaras fotográficas.
2156,228,FOTÓGRAFO,4,Cómo la fotografía utiliza la luz para impresionar imágenes.
2157,228,FOTÓGRAFO,4,Las partes y funciones de una cámara fotográfica
2158,228,FOTÓGRAFO,4,Conoce las reglas básicas de composición.
2159,228,FOTÓGRAFO,4,"Como se utiliza y para qué, el obturador, el diafragma, el fotómetro, medidor de la velocidad, macroenfoque, como activar el temporizador, activación de hora y fecha,  etc."
2160,228,FOTÓGRAFO,4,¿Cuando y como es aconsejable el uso del flash?
2161,228,FOTÓGRAFO,4,¿Que cuidados se debe dar a una cámara fotográfica?
2162,228,FOTÓGRAFO,4,Con una maquina fotográfica saca las siguientes fotografías:
2163,228,FOTÓGRAFO,4,•Foto de exterior
2164,228,FOTÓGRAFO,4,•Foto de interior
2165,228,FOTÓGRAFO,4,•Foto periodística
2166,228,FOTÓGRAFO,4,•Foto artística
2167,228,FOTÓGRAFO,4,•Foto paisaje
2168,228,FOTÓGRAFO,4,•Foto con efecto Blanco y Negro
2169,228,FOTÓGRAFO,4,•Foto con efecto Sepia.
2170,228,FOTÓGRAFO,4,•Foto de tu grupo
2171,228,FOTÓGRAFO,4,•Foto de tu equipo
2172,228,FOTÓGRAFO,4,•Foto de tu unidad.
2173,228,FOTÓGRAFO,4,Elaborar un álbum con las fotografías sacadas en el anterior punto
2174,228,FOTÓGRAFO,4,Con una cámara saca fotografías con las siguientes características:
2175,228,FOTÓGRAFO,4,•Fotografía sin luz (con la luz de una vela sin Flash)
2176,228,FOTÓGRAFO,4,•Fotografía Instantánea (Con el medidor de velocidad en 1000 o 2000)
2177,228,FOTÓGRAFO,4,•Fotografía inmóvil (Con el medidor de velocidad en B)
2178,228,FOTÓGRAFO,4,Saca  por  los  menos  10  fotografías  de  una  actividad  importantes  que  se desarrolle en tu grupo o distrito scout.
2179,228,FOTÓGRAFO,4,Organiza  una exposición en tu grupo de todas las fotografías tomadas para esta especialidad.
2180,228,FOTÓGRAFO,4,Elabora un álbum fotográfico de un campamento de tu Unidad pionera
2181,229,FORESTAL,4,"Explica  cual  es  la  estructura  de  un  árbol,  como  se  alimenta,  respira  y reproduce."
2182,229,FORESTAL,4,Explica  cual  es  el  beneficio  y  papel  que  desempeñan  los  árboles  en  la naturaleza.
2183,229,FORESTAL,4,Averigua sobre algunos productos secundarios del bosque.
2184,229,FORESTAL,4,Explica sobre el peligro de los incendios forestales y cómo se pueden evitar.
2185,229,FORESTAL,4,Explica sobre las plagas mas comunes y la forma de evitarlas
2186,229,FORESTAL,4,Investiga y expone en tu unidad a por lo menos 40 especies diferentes de árboles que se encuentran en nuestro país.
2187,229,FORESTAL,4,Investiga y demuestra la forma correcta de plantar un árbol.
2188,229,FORESTAL,4,Conoce  claramente  y  a  detalle  por  lo  menos  10  especies  diferentes  de árboles.
2189,229,FORESTAL,4,Realiza  un  trabajo  en  el  que  expliques  qué  especies  son  utilizadas  en  la industria maderera.
2190,229,FORESTAL,4,Prepara un muestrario de semillas forestales (mínimo 10 especies).
2191,229,FORESTAL,4,Presenta al menos 5 artículos referentes a la temática forestal.
2192,229,FORESTAL,4,"Visita un vivero o un centro de estudios forestales, averigua las actividades que realiza y identifica la interrelación con otras ciencias o actividades, coméntalo mediante una exposición en tu unidad"
2193,229,FORESTAL,4,"Realiza junto a tu patrulla y/o grupo de amigos, folletos sobre el peligro de los incendios forestales, principales causas que lo originan y medios para contenerlos y sofocarlos."
2194,229,FORESTAL,4,"Cultiva y cuida, en forma permanente al menos 3 árboles diferentes"
2195,229,FORESTAL,4,Participa en una campaña de repoblamiento forestal y planta al menos 20 plantínes controlándolos hasta los 6 meses de edad.
2196,229,GEOLOGO,4,Explica la Hontoria de la geología.
2197,229,GEOLOGO,4,Explica cuales son las ramas de la geología.
2198,229,GEOLOGO,4,Averigua sobre las principales etapas de un proceso de extracción minera.
2199,229,GEOLOGO,4,Investiga y explica los diferentes tipos de fenómenos geológicos e identifica los efectos que pueden tener.
2200,229,GEOLOGO,4,Infórmate sobre las explotaciones mineras más importantes del país.
2201,229,GEOLOGO,4,Investiga explica la división de los tiempos geológicos y prepara un resumen haciendo referencia de algunos ejemplos.
2202,229,GEOLOGO,4,"Explica los principales usos con los minerales: aluminio, carbón, cobre, estaño, hierro y uranio."
2203,229,GEOLOGO,4,"Explica los principales peligros y enfermedades a los que están expuestos los mineros, señalando los medios de prevención más utilizados."
2204,229,GEOLOGO,4,"Prepara  para  toda  tu  unidad,  una  exposición  con  todo  lo  investigado anteriormente."
2205,229,GEOLOGO,4,"Identifica al menos quince rocas o minerales, clasifícalos y esquematiza su constitución química general."
2206,229,GEOLOGO,4,"Realiza un mapa que señale las principales explotaciones mineras del país indicando sus características, tipo de mineral y sistema de extracción"
2207,229,GEOLOGO,4,Realiza una maqueta que muestre la conformación de los continentes actuales a través de las eras geológicas.
2208,231,GUIA TURISTICO,4,Explica cual es la importancia del turismo para tu Departamento y para el país.
2209,231,GUIA TURISTICO,4,Investiga y expone en tu unidad los atractivos turísticos que tiene tu Departamento y el país.
2210,231,GUIA TURISTICO,4,"Investiga y expone las condiciones que tiene tu Departamento y el país para promover el turismo, como ser carreteras, hotelería, restaurantes, transporte, etc."
2211,231,GUIA TURISTICO,4,Demuestra que sabes guiar a otras personas
2212,231,GUIA TURISTICO,4,"Realiza un mapa de tu ciudad que contenga direcciones y números telefónicos de centros de interés cultural, lugares de recreación, campos deportivos, ferias artesanales, monumentos históricos, zoológicos, mercados, estaciones, terminales de micros, trenes, aeropuertos, etc."
2213,231,GUIA TURISTICO,4,"Realiza un álbum de fotografías, recortes, etc. de atractivos turísticos de tu Departamento."
2214,231,GUIA TURISTICO,4,Diseña un itinerario turístico por tu ciudad o Departamento de un día de duración y realízalo guiando a 1 o 2 de tu grupo.
2215,231,GUIA TURISTICO,4,"Da a conocer a tu Unidad, utilizando material audiovisual, fotografías, etc. las posibilidades turísticas de seis lugares de paseo, ubicadas en los alrededores de tu ciudad."
2216,231,GUIA TURISTICO,4,Realiza un afiche o folleto turístico de la Departamento donde vives y difúndelo con scouts de otros departamentos o de otros países.
2217,232,HARDWARE DE LA COMPUTADORA,4,"Debes conocer la historia de la computadora y su evolución, conocer e identificar los tipos de computadora."
2218,232,HARDWARE DE LA COMPUTADORA,4,"Debes conocer los componentes físicos de una computadora de escritorio (Procesador, Memorias, Tarjetas de video, placa madre, disco duro, fuente de poder, tarjeta de sonido)"
2219,232,HARDWARE DE LA COMPUTADORA,4,"Debes de conocer los tipos de puertos que posee una computadora(puertos físicos: paralelos, serial, usb, sata, PCi, PCI express, Agp; puertos lógicos: ftp, http, ssh, telnet, SMTP, etc)"
2220,232,HARDWARE DE LA COMPUTADORA,4,Debes de conocer que es el BIOS y sus configuraciones
2221,232,HARDWARE DE LA COMPUTADORA,4,"Debes conocer todos los dispositivos de entrada (E), salida (S) y entrada/salida (E/S) para la comunicación con la computadora(escáner, DVD/CD, plotter, mouse, impresora, teclado, monitor, lápiz óptico, etc)"
2222,232,HARDWARE DE LA COMPUTADORA,4,Debes conocer la manera correcta de armar un equipo completo de computación (todo lo que posee el case y los componentes físicos complementarios)
2223,232,HARDWARE DE LA COMPUTADORA,4,"Debes conocer todos los tipos de impresoras que existen en el mercado, sus diferencias, cualidades, calidad de impresión, tipo de impresión."
2224,232,HARDWARE DE LA COMPUTADORA,4,"Debes de conocer los tipos de sistemas operativos que existen (Windows, Linux y MAC os) y la forma de instalarlos"
2225,232,HARDWARE DE LA COMPUTADORA,4,"Debes saber instalar los driver del hardware de computadora y el software básico para un trabajo normal con el equipo ( Microsoft Windows, Microsoft Office, Antivirus)"
2226,232,HARDWARE DE LA COMPUTADORA,4,"Debes de conocer y saber para que sirven las fuentes de suministro eléctrico (UPS), las fuentes de poder y los estabilizadores"
2227,232,HARDWARE DE LA COMPUTADORA,4,"Realiza una exposición en tu unidad acerca de la historia de la computación (debes tener para esto cuadros explicativos, slides, transparencias, etc.)Realiza una exposición en tu unidad acerca de la historia de la computación (debes tener para esto cuadros explicativos, diapositivas, línea de tiempo, etc.)"
2228,232,HARDWARE DE LA COMPUTADORA,4,"Describe un equipo de computación, todos sus componentes y todas sus posibilidades lo más detallado posible. Describe un equipo de computación, todos sus componentes y todas sus cualidades lo más detallado posible."
2229,232,HARDWARE DE LA COMPUTADORA,4,"Demuestra en tu unidad la manera correcta de mantener limpia una computadora, y enseña en esta los cuidados necesarios que se debe tener con un equipo."
2230,232,HARDWARE DE LA COMPUTADORA,4,"Arma un equipo de Computación, y has que arranque el BIOS y verifica que este reconozca los dispositivos instalados."
2231,232,HARDWARE DE LA COMPUTADORA,4,Instala en un equipo de computación el software básico para trabajar con el equipo.
2232,232,HARDWARE DE LA COMPUTADORA,4,"Realiza el diagnostico para actualizar un equipo y entrega un informe técnico del procedimiento de actualización (componente o software a actualizar, soporte del equipo actual referente a la actualización, el costo de la actualización)."
2233,232,HARDWARE DE LA COMPUTADORA,4,Explica en tu unidad como se puede mantener limpio de virus un equipo de computación y limpia de virus dos equipos.
2234,232,HARDWARE DE LA COMPUTADORA,4,"Explica en tu unidad como se puede mantener limpio de virus un equipo de computación y limpia de virus dos equipos o dispositivos de almacenamiento externo (pen drive, discos duros externos)."
2235,233,HISTORIA,4,Investiga y explica el papel de la historia en el desarrollo de la humanidad.
2236,233,HISTORIA,4,Investiga y explica toda la historia de nuestro país.
2237,233,HISTORIA,4,"Investiga y explica la historia del escultismo mundial, nacional y local."
2238,233,HISTORIA,4,"Destaca a 5 personalidades, que según tu criterio sean los más importantes de la historia mundial en el último siglo, indica las razones y presenta sus biografías"
2239,233,HISTORIA,4,"Destaca a 5 personalidades, que según tu criterio sean los más importantes de la historia nacional en el último siglo, indica las razones y presenta sus biografías"
2240,233,HISTORIA,4,Menciona  5  hechos  que  consideres  de  los  más  importantes  en  la  historia mundial del último siglo.
2241,233,HISTORIA,4,"Domina, al menos un periodo de 40 años en la historia de Bolivia."
2242,233,HISTORIA,4,Tener conocimientos generales de la historia moderna y clásica.
2243,233,HISTORIA,4,Menciona  5  hechos  que  consideres  de  los  más  importantes  en  la  historia nacional del último siglo.
2244,233,HISTORIA,4,"Realiza una exposición de la historia de tu equipo, de tu unidad y de tu grupo Scout."
2245,233,HISTORIA,4,"Elabora un álbum de la historia de por lo menos los últimos 10 años de la ciudad donde vives con fotografías, recortes, dibujos, etc."
2246,233,HISTORIA,4,"Elabora un albun de la historia de tu grupo scout., con fotografías, recortes, dibujos, etc."
2247,233,HISTORIA,4,Crea o mejora el libro de oro de tu equipo.
2248,233,HISTORIA,4,Haz  una investigación  para  redactar  la  historia  de  la  comunidad  o barrio donde vives.
2249,234,HORTICULTOR,4,"Realiza una lista de las principales legumbres y hortalizas que se producen y consumen en tu región, indicando las especies nativas."
2250,234,HORTICULTOR,4,Investiga y explica cuales son las principales plagas que dañan las hortalizas y formas de combatir las mismas.
2251,234,HORTICULTOR,4,Investiga y explica las técnicas modernas de cultivos.
2252,234,HORTICULTOR,4,Investiga y explica los diferentes tipos de abonos y la aplicación adecuada de al menos tres de ellos.
2253,234,HORTICULTOR,4,Explica qué es un cultivo hidropónico e intenta efectuar esta práctica
2254,234,HORTICULTOR,4,"Prepara para toda tu unidad, una exposición con todo lo investigado anteriormente."
2255,234,HORTICULTOR,4,"Prepara una carpeta en la que se muestres 6 tipos de semillas hortícolas, según su reproducción, época de siembra, periodo vegetativo y época de cosecha."
2256,234,HORTICULTOR,4,"Realiza un cuadro de hortalizas y legumbres con sus respectivos beneficios para la salud, vitaminas, proteínas, etc."
2257,234,HORTICULTOR,4,"Realiza un informe de una visita al mercado de tu ciudad o departamento y verifica qué especies hortícolas están a la venta, el estado de las mismas, almacenamiento, costos, proveedores, etc."
2258,234,HORTICULTOR,4,Prepara y abona una parcela de tierra para una siembra.
2259,234,HORTICULTOR,4,Produce en tu parcela dos especies hortícolas produciendo una cosecha suficiente para proveer de ellas a tu familia por lo menos durante una semana.
2260,234,HORTICULTOR,4,Describe los tipos de herramientas que empleaste para tu siembra.
2261,234,HORTICULTOR,4,"Realiza un pequeño estudio económico, es decir, las ganancias de la venta de tu cosecha, menos tu inversión."
2262,235,INTERNET,4,Que es Internet y su historia?
2263,235,INTERNET,4,Que servicios ofrece Internet?
2264,235,INTERNET,4,Conexión a internet
2265,235,INTERNET,4,Quees la World Wide Web (WWW)?
2266,235,INTERNET,4,Conocer los navegadorespara internet
2267,235,INTERNET,4,Que son los buscadores de internet
2268,235,INTERNET,4,Que es un correo electrónico
2269,235,INTERNET,4,Comunicación en on-line
2270,235,INTERNET,4,Compras por internet
2271,235,INTERNET,4,Seguridad en internet
2272,235,INTERNET,4,Blog y redes sociales
2273,235,INTERNET,4,Explicar a tu unidad que es el internet y la ventaja que aprender a usar el internet.
2274,235,INTERNET,4,Aprender a instalar y utilizar 2 navegadores.
2275,235,INTERNET,4,Buscar información que sean útiles para tu unidad en 3 buscadores diferentes.
2276,235,INTERNET,4,Crea una cuenta de e-mail basado en WWW (gratuito).
2277,235,INTERNET,4,Muestra como se escribe y envía un mensaje de correo electrónico.
2278,235,INTERNET,4,Describe las partes de una dirección de correo electrónico.
2279,235,INTERNET,4,Mantén contacto por correo electrónico con al menos 5 amigos(as).
2280,235,INTERNET,4,Qué es un hipervínculo.
2281,235,INTERNET,4,"Copia un archivo de la WWW, en el disco duro de tu computadora."
2282,235,INTERNET,4,Suscríbete a un foro electrónico scout.
2283,235,INTERNET,4,Crea un blog gratuito para tu unidad
2284,235,INTERNET,4,Crea un grupo en cualquier red social de tu unidad
2285,235,INTERNET,4,INTERPRETE/TRADUCTOR (Eligiendo un idioma)
2286,235,INTERNET,4,Investiga y explica sobre los orígenes del idioma que escogiste
2287,235,INTERNET,4,Investiga y expón los países en los que se habla el idioma que escogiste y averigua sobre su cultura y principales características.
2288,235,INTERNET,4,Investiga y aprende las reglas gramaticales básicas del idioma que escogiste.
2289,235,INTERNET,4,"Lee y traduce un pasaje de un libro, revista o periódico."
2290,235,INTERNET,4,Sostén  una  conversación  de  por  lo  menos  15  minutos  en  el  idioma  que escogiste.
2291,235,INTERNET,4,Escribe una carta o un ensayo de por  lo menos 400 palabras en el idioma que escogiste.
2292,235,INTERNET,4,"Adquiere conocimientos elementales de algún otro idioma, aparte del que escogiste."
2293,235,INTERNET,4,Ayuda de intérprete o traductor a alguna persona que lo requiera.
2294,236,LECTOR,4,Investiga y explica Los diferentes estilos literarios y explica las características de cada uno de ellos.
2295,236,LECTOR,4,Demuestra que Conoces los cuidados para la preservación de los libros.
2296,236,LECTOR,4,Menciona quienes obtuvieron el premio Nobel de Literatura (al menos 3  y el título de la obra premiada).
2297,236,LECTOR,4,Menciona al menos 10 autores nacionales y sus obras.
2298,236,LECTOR,4,Demostrar que sabes consultar un tema en la biblioteca.
2299,236,LECTOR,4,Explica cuál es el papel que cumple un crítico literario.
2300,236,LECTOR,4,"Averigua	toda	la	bibliografía	de	Baden	Powell,	lee	“Escultismo	para muchachos” y realiza una comparación con el escultismo actual."
2301,236,LECTOR,4,"Lee al menos 6 libros en el periodo aproximado de no más de 12 meses, éstos deberán incluir libros sobre Escultismo, novelas clásicas y otros sobre interés particular."
2302,236,LECTOR,4,"Elabora fichas bibliográficas para cada uno de ellos, las mismas deben incluir biografía del autor, estilo, tema y otros."
2303,236,LECTOR,4,Presenta tu carnet de lector de alguna biblioteca de tu ciudad
2304,236,LECTOR,4,Presenta una lista de las bibliotecas que hay en tu región.
2305,236,LECTOR,4,"Forma una Biblioteca, o amplía la existente en tu unidad, grupo o escuela, manteniéndola en perfectas condiciones y llevando un control de los libros, que entran y salen."
2306,236,LECTOR,4,"Realiza un resumen de uno de los libros que más te gustó, en no más de 3 páginas."
2307,236,LECTOR,4,Elabora un mapa conceptual sobre un libro que leíste
2308,237,MECANICO,4,Explica  cuales  son  las  principales  herramientas  utilizadas  en  talleres  de mecánica.
2309,237,MECANICO,4,Explica cuales son los materiales que se emplean en un taller mecánico y sus principales características.
2310,237,MECANICO,4,Indica los tipos de soldadura y en qué casos se utiliza.
2311,237,MECANICO,4,"Explica las partes principales y el funcionamiento de: el motor, sistema eléctrico y lubricación en un automóvil."
2312,237,MECANICO,4,Explica la mecánica de la caja de cambios.
2313,237,MECANICO,4,"Demuestra  que  puedes  utilizar  correctamente  herramientas  como  martillo, limas, llaves de tuercas, desarmadores, etc."
2314,237,MECANICO,4,Demuestra habilidad en cuatro de las siguientes operaciones:
2315,237,MECANICO,4,Verificar el nivel de aceite del motor y de la caja.
2316,237,MECANICO,4,Limpiar y ajustar bujías.
2317,237,MECANICO,4,Limpiar y pulir un automóvil.
2318,237,MECANICO,4,Sacar y limpiar un filtro de carburador.
2319,237,MECANICO,4,Sacar el agua de un radiador y limpiarlo.
2320,237,MECANICO,4,Cambiar una llanta
2321,237,MECANICO,4,Chequear la presión de los neumáticos.
2322,237,MECANICO,4,Prepara una lista de 6 puntos de inspección para la revisión de un automóvil tanto en apariencia como las condiciones de funcionamiento.
2323,238,METEORÓLOGO,4,Investiga y explica el origen y la evolución de la meteorología.
2324,238,METEORÓLOGO,4,Explica los mecanismos que determinan los diferentes fenómenos atmosféricos.
2325,238,METEORÓLOGO,4,Investiga y explica acerca de los diferentes tipos de nubes y su significado.
2326,238,METEORÓLOGO,4,Explica que instrumentos se utilizan en meteorología.
2327,238,METEORÓLOGO,4,Explica todas las unidades en las que se miden los fenómenos climatológicos.
2328,238,METEORÓLOGO,4,Investiga y explica todas las formaciones de nubes y como producen lluvia.
2329,238,METEORÓLOGO,4,"Prepara para toda tu unidad, una exposición con todo lo investigado anteriormente"
2330,238,METEORÓLOGO,4,"Visitar una estación meteorológica, identificando los métodos para el estudio y la predicción del tiempo."
2331,238,METEORÓLOGO,4,"Recopila datos brindados por el servicio Meteorológico durante un período de tiempo y vuélcalo en un cuadro comparativo. Extrae de ellos, los valores medios y extremos."
2332,238,METEORÓLOGO,4,"Construye tu base meteorológica casera con al menos 3 instrumentos (pluviómetro, barómetro, anemómetro, higrómetro, tanque de evaporación, termómetro y veleta)."
2333,238,METEORÓLOGO,4,"Registra diariamente el estado del tiempo, teniendo en cuenta: temperatura, presión, humedad, vientos, nubes y precipitaciones, basándote en tus observaciones, y compáralos con las del servicio meteorológico."
2334,238,METEORÓLOGO,4,"Realiza un registro de observaciones diarias del tiempo durante un mínimo de 4 meses incluyendo la temperatura, presión, vientos, y precipitación fluvial."
2335,238,METEORÓLOGO,4,"Realiza una predicción de los fenómenos atmosféricos, de un día que tu elijas según tus observaciones"
2336,239,MONTAÑISMO,4,"Define los conceptos de escalada deportiva en roca y andinismo, ¿cual es la diferencia?"
2337,239,MONTAÑISMO,4,"¿Cuáles son las cumbres más altas de Bolivia, y las cumbres mas altas de cada continente (Europa, Asia, África, Antártica, Sudamérica y Norteamérica)."
2338,239,MONTAÑISMO,4,Describe el equipo que se usa para la escalada en nieve y hielo.
2339,239,MONTAÑISMO,4,¿Cuáles son las normas de seguridad a seguir en la montaña o mientras se escala?
2340,239,MONTAÑISMO,4,¿Cuáles son los principios ambientales que se deben seguir en la montaña?
2341,239,MONTAÑISMO,4,"¿Qué es un peligro objetivo, qué es un peligro subjetivo?"
2342,239,MONTAÑISMO,4,"conocer todo el equipo de andinismo Mochila, cuerdas, herramientas de sujeción. De traslación de alimentación, de seguridad, de movilidad."
2343,239,MONTAÑISMO,4,Conocer la historia del montañismo nacional e internacional.
2344,239,MONTAÑISMO,4,¿Cuáles son las características de la cuerda estáticas y las cuerdas dinámicas y cuál el uso de cada una de ellas?
2345,239,MONTAÑISMO,4,Conocer la ropa apropiada y la forma correcta de vestirse en la montaña.
2346,239,MONTAÑISMO,4,"Conocer cabulleria, primeros auxilios y caminante"
2347,239,MONTAÑISMO,4,Muestra la forma correcta de ponerse  un arnés de cintura y un  arnés  de pecho.
2348,239,MONTAÑISMO,4,Muestra la forma correcta de conectar una cuerda al arnés.
2349,239,MONTAÑISMO,4,Muestra la forma de improvisar un arnés con cinta tubular.
2350,239,MONTAÑISMO,4,Muestra la forma de montar un anclaje con protección fija artificial y como montar un anclaje cuando no existe esta protección.
2351,239,MONTAÑISMO,4,Muestra la forma de guardar y mantener la cuerda y demás piezas de equipo.
2352,239,MONTAÑISMO,4,"Apareja un dispositivo de rapel, y desciende una altura no menor a 10 metros."
2353,239,MONTAÑISMO,4,Muestra la forma de ascender por una cuerda mediante ayudas mecánicas.
2354,239,MONTAÑISMO,4,Realiza 6 nudos que se usan en montañismo y explica su uso.
2355,239,MONTAÑISMO,4,Interpreta una hoja de descripción de ruta.
2356,239,MONTAÑISMO,4,Elabora un itinerario de escalada o salida al campo y realízalo con tu equipo.
2357,239,MONTAÑISMO,4,MUSICO (Eligiendo un instrumento musical)
2358,239,MONTAÑISMO,4,"Investiga y explica sobre la evolución de la música desde sus inicios hasta nuestros días, identificando sus principales características en diferentes épocas."
2359,239,MONTAÑISMO,4,"Explica los grupos de instrumentos musicales, explicando su clasificación"
2360,239,MONTAÑISMO,4,"Prepara  para  toda  tu  unidad,  una  exposición  con  todo  lo  investigado anteriormente"
2361,239,MONTAÑISMO,4,"Demuestra que sabes tocar satisfactoriamente, el instrumento musical que escogiste y explica los cuidados que se debe de tener con el mismo, su origen y evolución."
2362,239,MONTAÑISMO,4,Demuestra que puedes afinar el instrumento.
2363,239,MONTAÑISMO,4,Lee con facilidad una página de música simple
2364,239,MONTAÑISMO,4,Realiza un cancionero de 30 temas Scouts como mínimo y difúndelo en tu tropa y grupo.
2365,239,MONTAÑISMO,4,Dirige al menos 10 canciones scouts en un campamento o actividad scout.
2366,239,MONTAÑISMO,4,Realiza una pequeña biografía de tu músico favorito.
2367,239,MONTAÑISMO,4,Compone una canción ya sea en música o letra.
2368,239,MONTAÑISMO,4,"Realiza una lista de al menos, 10 grupos o solistas nacionales destacados a nivel internacional."
2369,239,MONTAÑISMO,4,Enseña a otro Pionero de tu Unidad a tocar el instrumento.
2370,239,MONTAÑISMO,4,Organiza un festival musical en tu grupo scout o distrito.
2371,240,NATACION,4,"Explica sobre los reglamentos, condiciones físicas y normas de seguridad que rigen para el desarrollo de la disciplina."
2372,240,NATACION,4,Forma parte de un club de natación
2373,240,NATACION,4,Nada en estilo libre al menos 100 metros sin descanso
2374,240,NATACION,4,Saber nadar en por lo menos cuatro estilos diferentes de competición.
2375,240,NATACION,4,Nadar por lo menos 100 metros con la ropa puesta.
2376,240,NATACION,4,"Desvestirse dentro el agua (pantalones, polera y medias)."
2377,240,NATACION,4,Poder Sumergirse hasta 2 m. de profundidad y sacar del fondo un objeto que pese por lo menos 2 Kg.
2378,240,NATACION,4,Sumergirse en el agua y realizar un recorrido de por lo menos 10 metros
2379,240,NATACION,4,Mantente a flote por un tiempo razonable según tu Sinodal.
2380,240,NATACION,4,"Demuestra que no tienes problemas al nadar en ríos, arroyos o lagunas."
2381,240,NATACION,4,"Debes saber tirarte de la orilla de cabeza y de pie, además de conocer las precauciones necesarias."
2382,240,NATACION,4,"Anima a los integrantes de tu equipo, unidad o grupo de amigos a que aprendan a nadar. En caso de que sepan, realicen una actividad acuática junto al sinodal."
2383,240,NATACION,4,"Demuestra junto al sinodal, que sabes hacer una maniobra de salvataje, con salvavidas y cuerda."
2384,241,ORATORIA,4,Demuestra que conoces las reglas básicas de la oratoria.
2385,241,ORATORIA,4,Demuestra que conoces las reglas básicas de pronunciación y modulación.
2386,241,ORATORIA,4,Realiza un curso de oratoria de al 10 Horas académicas
2387,241,ORATORIA,4,Realiza prácticas con grabadora para mejorar la oratoria.
2388,241,ORATORIA,4,Realiza Lectura en voz alta y con técnica frente a público para presentar lo siguiente:
2389,241,ORATORIA,4,Una noticia
2390,241,ORATORIA,4,Una propaganda
2391,241,ORATORIA,4,Un cuento
2392,241,ORATORIA,4,Un cuento infantil
2393,241,ORATORIA,4,Crea y diserta frente a público un discurso de por lo menos  7 minutos de cualquier tema de interés.
2394,241,ORATORIA,4,"Presenta en un lugar público, una charla sobre las características y beneficios de ser scout."
2395,242,ORIENTACION,4,Investiga y explica los tipos de orientación que existen.
2396,242,ORIENTACION,4,Explica que es la rosa de los vientos
2397,242,ORIENTACION,4,"Explica la ubicación geográfica de tu ciudad, Departamento y del país."
2398,242,ORIENTACION,4,Explica como se lee un mapa y lo relacionado a la cartografía.
2399,242,ORIENTACION,4,"Explica la historia de la brújula, su evolución, sus partes y el como utilizarla correctamente."
2400,242,ORIENTACION,4,Explica los diferentes métodos para obtener tiempos y distancias
2401,242,ORIENTACION,4,"Prepara para toda tu unidad, una exposición con todo lo investigado anteriormente."
2402,242,ORIENTACION,4,Demuestra que conoces por lo menos los 16 puntos principales de la rosa de los vientos.
2403,242,ORIENTACION,4,Demuestra que sabes leer correctamente un mapa y ubicar puntos específicos en él.
2404,242,ORIENTACION,4,Demuestra que sabes utilizar correctamente la brújula.
2405,242,ORIENTACION,4,Demuestra en que consisten por lo menos 5 métodos naturales diurnos para orientarte.
2406,242,ORIENTACION,4,Demuestra en que consisten por lo menos 5 métodos naturales nocturnos para orientarte
2407,242,ORIENTACION,4,Construye un reloj solar.
2408,242,ORIENTACION,4,"Aplica tus conocimientos organizando una actividad para tu equipo o unidad, que te permita hacerlo (caminata, raid, etc.)"
2409,243,ORNITOLOGO,4,Explica que estudia la ornitología
2410,243,ORNITOLOGO,4,Explica cuales son las especies de aves que están en vías de extinción en tu Departamento y el País.
2411,243,ORNITOLOGO,4,Explica cuales son los peligros a que están expuestas las aves silvestres de tu Departamento y como contrarrestarlas.
2412,243,ORNITOLOGO,4,"Investiga y explica por lo menos veinte familias de aves, no domésticas, que habiten en tu Departamento."
2413,243,ORNITOLOGO,4,"Realiza una investigación de por lo 5 especies de aves útiles para la agricultura en el control de plagas, insectos, hiervas y de 5 aves de rapiña útiles para el control de roedores."
2414,243,ORNITOLOGO,4,"Prepara para toda tu unidad, una exposición con todo lo investigado anteriormente"
2415,243,ORNITOLOGO,4,"Realiza un mapa del país, señalando las zonas donde se encuentran las aves en vías de extinción."
2416,243,ORNITOLOGO,4,"Observa durante varias horas, aves silvestres, en tres ambientes naturales distintos. Haz un informe de lo observado, que incluya bosquejos, grabaciones, fotografías, etc."
2417,243,ORNITOLOGO,4,"Reconoce por el sonido, sus nidos o huevos, diez tipos de aves."
2418,243,ORNITOLOGO,4,Construye 3 tipos de refugios para aves y colócalos en diferentes lugares.
2419,243,ORNITOLOGO,4,"Confecciona un álbum de recortes y/o fotografías de aves. Clasifícalas, según orden, familia, etc. Anota sus características, costumbres, hábitat y cualquier dato de interés"
2420,243,ORNITOLOGO,4,Participar en una campaña o un proyecto enfocado en la protección de las aves.
2421,243,ORNITOLOGO,4,"Alimenta aves durante por lo menos 2 meses, mediante la construcción de comederos y bebederos para aves."
2422,244,PERIODISTA,4,Explica cuales son las funciones de un periodista.
2423,244,PERIODISTA,4,Explica cuales son las reglas básicas de redacción periodística.
2424,244,PERIODISTA,4,"Explica los estilos periodísticos principales. Pirámide, Pirámide invertida, etc."
2425,244,PERIODISTA,4,"Explica las diferencias entre periodista de periódico, de radio y de televisión"
2426,244,PERIODISTA,4,"Consigue, lee y analiza el código ético del periodista. Con ejemplos y ve si se cumple en el país."
2427,244,PERIODISTA,4,"Prepara para toda tu unidad, una exposición con todo lo investigado anteriormente"
2428,244,PERIODISTA,4,Entrevista a un periodista sobre su profesión y utiliza la entrevista para realizar un corto artículo sobre el periodismo Escribe un artículo sobre el Escultismo en Bolivia.
2429,244,PERIODISTA,4,Presenta al menos 3 artículos relacionados con las actividades scouts.
2430,244,PERIODISTA,4,Escribe un artículo (tema libre) con datos que hayas obtenido en la hemeroteca de tu ciudad.
2431,244,PERIODISTA,4,"Presenta una  lista  completa  de  todos  los  medios de comunicación: radio, prensa y televisión de tu ciudad"
2432,244,PERIODISTA,4,Visita la sala de prensa de cualquier medio.
2433,244,PERIODISTA,4,Presenta algunos de los artículos al boletín informativo de tu grupo o distrito.
2434,244,PERIODISTA,4,Menciona al menos 10 periodistas destacados de tu país.
2435,244,PERIODISTA,4,Realiza y presenta una entrevista grabada a una de las autoridades Scout de tu distrito.
2436,244,PERIODISTA,4,Escribe un artículo sobre una actividad de impacto social en el que haya participado tu unidad.
2437,244,PERIODISTA,4,Escribe un artículo sobre el escultismo y su incidencia en la ciudad e inténtalo publicar en algún medio de publicación.
2438,244,PERIODISTA,4,Realiza al menos una entrevista a un scout extranjero acerca del escultismo en su país.
2439,245,PINTURA,4,"Investiga  y  explica  la  historia  de  la  pintura,  elige  algún  pintor  famoso  e investiga su vida y obras."
2440,245,PINTURA,4,Investiga cuáles son las galerías de arte más importantes del mundo y dónde se encuentran.
2441,245,PINTURA,4,Investiga  cuáles  son  las  pinturas  o  cuadros  más  importantes  del  mundo  y donde se encuentran.
2442,245,PINTURA,4,Investiga y explica cuales son las técnicas básicas de la pintura.
2443,245,PINTURA,4,Explica cuáles fueron las técnicas antiguas de la pintura desde el principio de la historia.
2444,245,PINTURA,4,Indica cuales son los implementos utilizados en este arte.
2445,245,PINTURA,4,Realiza una comparación de los diferentes estilos de acuerdo a la época indicando un pintor destacado de cada una.
2446,245,PINTURA,4,Demuestra  que  sabes  manejar  los  colores  primarios  y  obtener  los  colores secundarios.
2447,245,PINTURA,4,"Presenta  un  estudio  de  color  en	tres  tipos  diferentes  de  técnica  (Pastel, acuarela, óleo, etc.)"
2448,245,PINTURA,4,Demuestra que sabes restirar lienzos y repararlos.
2449,245,PINTURA,4,Organiza una visita con tu equipo a algún museo o galería de tu ciudad y con ayuda de un experto oriéntalos en la apreciación de las obras exhibidas.
2450,245,PINTURA,4,"Realiza al menos una pintura con la técnica de tu agrado, demostrando que dominas la técnica."
2451,245,PINTURA,4,"Organiza un taller de pintura para tu Unidad, tropa o para la manada."
2452,246,PIONERIAS,4,Requisitos::
2453,246,PIONERIAS,4,"Explica el uso adecuado de cada herramienta necesaria en campamentos: hacha, machete, sierra, daga, cortaplumas, etc."
2454,246,PIONERIAS,4,"Investiga y explica las ventajas y desventajas de al menos 3 tipos de cuerdas, en lo referente a materiales, grosor, peso, otros."
2455,246,PIONERIAS,4,Investiga y explica la forma de estimar la resistencia de una cuerda sólo conociendo su diámetro.
2456,246,PIONERIAS,4,"Prepara para toda tu unidad, una exposición con todo lo investigado anteriormente."
2457,246,PIONERIAS,4,"Debes saber y hacer uso de los siguientes nudos: ballestrinque, rizo, leñador, as de guía, arnés de hombre y vuelta de escota."
2458,246,PIONERIAS,4,"Deberás usar correctamente los amarres: cuadrado, diagonal, redondo y trípode."
2459,246,PIONERIAS,4,Demuestra que puedes desenredar con paciencia hasta terminar un bollo de cordel enredado.
2460,246,PIONERIAS,4,Ejecuta por lo menos tres anclajes diferentes.
2461,246,PIONERIAS,4,Confeccionar una muestra de 5 tipos de ensambles de madera.
2462,246,PIONERIAS,4,Trozar apropiadamente un tronco de un diámetro superior a 25 cm. y una longitud mínima de 3 mt.
2463,246,PIONERIAS,4,"Presenta una maqueta de campamento, indicando la disposición adecuada de carpas, construcciones y otros."
2464,246,PIONERIAS,4,"Toma parte en la ejecución de cuatro construcciones en campamento, utilizando cañahuecas, bolillos u otros; usando los amarres correctos."
2465,246,PIONERIAS,4,Construye un refugio de campamento; choza o algo similar haciendo uso de materiales naturales del lugar y que sea apropiado para ser ocupado por dos personas.
2466,246,PIONERIAS,4,"Ejecuta algunas habilidades de campamento como: mástil sin cavar, cocinas conservacionistas, instalar toldos, etc."
2467,247,PROGRAMADOR,4,Debes de conocer la cronología de lenguajes de programación.
2468,247,PROGRAMADOR,4,Debes conocer los paradigmas de programación.
2469,247,PROGRAMADOR,4,Debes saber por lo menos una técnica sencilla de Análisis de Sistemas.
2470,247,PROGRAMADOR,4,"Debes conocer por lo menos tres lenguajes de programación funcional, tres de programación estructurada y tres de programación orientada a objetos"
2471,247,PROGRAMADOR,4,Debes saber manejar perfectamente por lo menos	un lenguaje de programación.
2472,247,PROGRAMADOR,4,Debes de conocer el moldeamiento de entidad- relación
2473,247,PROGRAMADOR,4,Debes manejar por lo menos tres manejadores de base de datos.
2474,247,PROGRAMADOR,4,"Elabora un documento de requerimientos funcionales y no funcionales de un sistema que requiera tu unidad (seguimiento de asistencia, cuotas de tu unidad, plan de adelanto, etc)."
2475,247,PROGRAMADOR,4,"Elabora un documento de de casos de uso de un sistema que requiera tu unidad (seguimiento de asistencia, cuotas de tu unidad, plan de adelanto, etc)."
2476,247,PROGRAMADOR,4,"Elabora un documento de arquitectura donde muestres el diagrama de base de datos y otros dos diagramas (secuencia, despliegue, clases, etc ) de tu preferencia de un sistema que requiera tu unidad (seguimiento de asistencia, cuotas de tu unidad, plan de adelanto, etc)."
2477,247,PROGRAMADOR,4,"Programa un sistema que requiera tu unidad (seguimiento de asistencia, cuotas de tu unidad, plan de adelanto, etc). Usando el lenguaje de programación de tu preferencia usando conexión a un manejador de base de datos de tu preferencia"
2478,248,PROMOTOR DE LA PAZ,4,Explica la estructura de la ONU y de los organismos que dependen de ella.
2479,248,PROMOTOR DE LA PAZ,4,Investiga y explica que organizaciones a nivel mundial son afines  al Movimiento Scout.
2480,248,PROMOTOR DE LA PAZ,4,Lee la Declaración Universal de los Derecho Humanos y los Derechos de la niñez
2481,248,PROMOTOR DE LA PAZ,4,"Investiga y explica la vida, ideales, etc. de al menos 3 personas que promovieron la paz en el mundo."
2482,248,PROMOTOR DE LA PAZ,4,Investiga y explica acerca de 3 acontecimientos históricos en contra de la paz mundial.
2483,248,PROMOTOR DE LA PAZ,4,Investiga e indica quienes fueron los 5 últimos ganadores del premio Nobel de la paz y explica a tu Unidad los ideales de cada uno.
2484,248,PROMOTOR DE LA PAZ,4,"Explica qué significa la sigla UNESCO, cuándo fue creada y cuál es su propósito."
2485,248,PROMOTOR DE LA PAZ,4,Investiga y explica cuales son los acuerdos internacionales que Bolivia ha suscrito en materia de defensa de los derechos humanos y la promoción de la paz mundial.
2486,248,PROMOTOR DE LA PAZ,4,"Realiza un mural con recortes de noticias actuales, de periódicos nacionales o internacionales que vayan en afán de promover la paz en el mundo."
2487,248,PROMOTOR DE LA PAZ,4,Conoce las funciones de la O.N.U. y todas sus dependencias en Pro de la paz mundial.
2488,248,PROMOTOR DE LA PAZ,4,"Participa  en	actividades  de  promoción  de  la  paz  local,  nacional  e internacional."
2489,248,PROMOTOR DE LA PAZ,4,Demuestra que conoces los principales organismos que promueven la paz mundial y los que trabajan en defensa de los derechos humanos.
2490,248,PROMOTOR DE LA PAZ,4,Organiza una campaña de promoción de la paz	que trascienda tu grupo scout.
2491,248,PROMOTOR DE LA PAZ,4,Elabora un álbum fotográfico que refleje la destrucción a la que nos llevan las guerras.
2492,248,PROMOTOR DE LA PAZ,4,Elabora un álbum fotográfico que refleje la importancia de vivir en un mundo donde reine la paz entre todos.
2493,248,PROMOTOR DE LA PAZ,4,Expone ambos álbumes en tu unidad y grupo scout.
2494,249,PROMOTOR DE SALUD,4,conoce la importancia de los servicios básicos
2495,249,PROMOTOR DE SALUD,4,conoce la importancia y el impacto que tiene los agentes tóxicos en la salud de las personas
2496,249,PROMOTOR DE SALUD,4,"sabe las funciones de los servicios de primer, segundo y tercer nivel de atención medica"
2497,249,PROMOTOR DE SALUD,4,"conoce los distintos programas vigentes en nuestro país tales como Tuberculosis, dengue, sida, rabia, etc."
2498,249,PROMOTOR DE SALUD,4,conoce en que consiste las campañas de vacunación y cual es el esquema de vacunación vigente en nuestro país
2499,249,PROMOTOR DE SALUD,4,"conoce en que consiste el Pai 2, cuales son las enfermedades que reprotegen y cuales son las vacunas cual es la vía de administración y cual es la dosis"
2500,249,PROMOTOR DE SALUD,4,Demuestra que sabes las distintas vías de administración de vacunas y puedes colocar vacunas o registrar en la planilla
2501,249,PROMOTOR DE SALUD,4,"participa de una charla o curso sobre el pai donde se los adiestra en la vacunación, cadena de frió"
2502,249,PROMOTOR DE SALUD,4,participa con un grupo de amigos de una campaña de vacunación ya sea como registrador o como vacunador
2503,250,QUÍMICO,4,"Conoce qué estudia la química, sus ramas y su importancia en el desarrollo de la humanidad."
2504,250,QUÍMICO,4,"Las diferencias entre compuestos ácidos y básicos, presenta algunos ejemplos de uno y otro."
2505,250,QUÍMICO,4,La diferencia entre química inorgánica y química orgánica.
2506,250,QUÍMICO,4,Conoce el uso del material y los instrumentos más comunes en un laboratorio de química.
2507,250,QUÍMICO,4,"Haz un estudio de los productos utilizados en tu hogar, sobre los compuestos que contienen y su acción específica."
2508,250,QUÍMICO,4,"Explica qué es una reacción química, qué es un reactivo, un reactante y un catalizador."
2509,250,QUÍMICO,4,Haz  un  estudio  de  por  lo  menos  3  reacciones  químicas  que  utilizamos  en nuestra vida diaria y cómo podemos optimizarla.
2510,250,QUÍMICO,4,Indica cuáles son las medidas de seguridad en un laboratorio y los primeros auxilios necesarios en casos de accidente con compuestos peligrosos.
2511,250,QUÍMICO,4,Demuestra   que   conoces   el   sistema   de   clasificación   periódico   de   los elementos.
2512,250,QUÍMICO,4,"Participa  en  alguna  feria  de  ciencias  o  de  colegio,  donde  realices  algún experimento de química."
2513,250,QUÍMICO,4,Indica los usos comerciales e industriales de por lo menos 20 elementos de la tabla.
2514,250,QUÍMICO,4,Diseña un experimento en el que apliques todos tus conocimientos de química y muéstralo a tu Unidad o Grupo.
2515,251,REPOSTERIA,4,Explica el funcionamiento de un horno
2516,251,REPOSTERIA,4,Demuestra que conoces los utensilios que se utilizan en repostería.
2517,251,REPOSTERIA,4,Conoce el equivalente de pesos y medidas usuales en repostería.
2518,251,REPOSTERIA,4,Conoce los primeros auxilios para accidentes más comunes.
2519,251,REPOSTERIA,4,"Prepara  para  toda  tu  unidad,  una  exposición  con  todo  lo  investigado anteriormente"
2520,251,REPOSTERIA,4,Demuestra  que  utilizas  el  horno  tomando  en  cuenta  todas  las  normas  de seguridad necesarias.
2521,251,REPOSTERIA,4,Realiza un recetario para campamentos y difúndelo en tu unidad y grupo.
2522,251,REPOSTERIA,4,Demuestra que sabes decorar pasteles para distintas ocasiones.
2523,251,REPOSTERIA,4,Visita alguna repostería y elabora una exposición para tu unidad de todo lo observado.
2524,251,REPOSTERIA,4,Enseña a tu equipo a preparar al menos tres pasteles diferentes.
2525,251,REPOSTERIA,4,"Prepara un tipo de cada uno de los siguientes postres: galletas, gelatinas, pasteles horneados y en frío, confituras, budines y mermeladas y realiza una degustación en tu grupo y colegio."
2526,251,REPOSTERIA,4,Construye un horno de campamento y prepara al menos 3 recetas.
2527,252,SALUD ORAL,4,conoce la importancia de la salud oral
2528,252,SALUD ORAL,4,sabe cuantos dientes tiene el niño y el adulto y cual es la erupción dentaria en orden cronológico
2529,252,SALUD ORAL,4,conoce los procesos por los cuales se forman las caries
2530,252,SALUD ORAL,4,conoce los distintos procesos congénitos que afectan a los dientes
2531,252,SALUD ORAL,4,sabe la importancia de la prevención de caries y fluoración
2532,252,SALUD ORAL,4,demuestra que puedes evaluar y reconocer las lesiones de la cavidad oral
2533,252,SALUD ORAL,4,demuestra que puedes preparar solución fluorada para las campañas de fluoración
2534,252,SALUD ORAL,4,"participa en por lo menos 2 campañas de fluoración acompañando a profesionales de área (estudiantes, internos o médicos odontólogos)"
2535,252,SALUD ORAL,4,"realiza una campaña de educación e higiene bucal con niños pequeños (escuela, kinder, manada, hogares, etc.) enseñándoles la correcta técnica de cepillado y la importancia de tener una dentadura sana"
2536,253,SEGURIDAD VIAL,4,"Averigua  y  explica  acerca  de  las  principales  disposiciones  que  regulan  el tránsito de peatones, vehículos y ciclistas."
2537,253,SEGURIDAD VIAL,4,Averigua el significado de las señales de tránsito.
2538,253,SEGURIDAD VIAL,4,Demuestra  que conoces  los  significados  de	cada  uno de  los  colores  del Semáforo.
2539,253,SEGURIDAD VIAL,4,"Señala 5 reglas a seguir, al caminar en una carretera."
2540,253,SEGURIDAD VIAL,4,Explica el significado de 10 señales de transito restrictivas y las informativas.
2541,253,SEGURIDAD VIAL,4,Nombra las reglas de transito al manejar una bicicleta.
2542,253,SEGURIDAD VIAL,4,Realiza un mural con al menos 15 señales de transito PREVENTIVAS que tu conozcas.
2543,253,SEGURIDAD VIAL,4,"Da a conocer a tu Unidad, utilizando material audiovisual, recortes de periódico, etc. sobre las causas de accidentes de tránsito y las maneras de prevenirlos."
2544,253,SEGURIDAD VIAL,4,En una caminata de por lo menos 10 cuadras por el centro de tu ciudad apunta todas las faltas a las normas de transito cometidas ya sea por peatones como por conductores.
2545,253,SEGURIDAD VIAL,4,"Participa en campañas de prevención de accidentes, ruido excesivo, etc."
2546,253,SEGURIDAD VIAL,4,"Identifica con ayuda de tu equipo, situaciones de riesgo relacionadas con el tránsito en tu barrio o el de tu comunidad escolar y solicita a quien corresponda su solución."
2547,254,SERIGRAFISTA,4,Demuestra que conoces por lo menos 5 técnicas de impresión.
2548,254,SERIGRAFISTA,4,conoce	y   cataloga   los   materiales   serigráficos   según   las   técnicas apropiadas
2549,254,SERIGRAFISTA,4,Demuestra que conoces los distintos tipos de tintas que existen y que uso tiene cada una de ellas.
2550,254,SERIGRAFISTA,4,Describe cuáles son los colores básicos y cuáles son las combinaciones de las mismas para obtener los demás colores.
2551,254,SERIGRAFISTA,4,"Describe cuáles son las herramientas necesarias para la serigrafía, además de su uso y cuidado."
2552,254,SERIGRAFISTA,4,Describe como se queman negativos	y como se obtienen películas de serigrafía.
2553,254,SERIGRAFISTA,4,Dibuja un croquis de un taller de diseño gráfico con todos sus elementos y herramientas y describe a detalle cada una de ellas.
2554,254,SERIGRAFISTA,4,Confecciona viñetas por una impresión sencilla.
2555,254,SERIGRAFISTA,4,Demuestra que sabes utilizar la malla antes y después de la impresión.
2556,254,SERIGRAFISTA,4,Realiza un banderín decorativo para tu equipo.
2557,254,SERIGRAFISTA,4,diseña por lo menos 5 estampas diferentes a todo color.
2558,254,SERIGRAFISTA,4,Participa en un concurso de logotipo para cualquier actividad.
2559,254,SERIGRAFISTA,4,Presenta una polera impresa por ti mismo.
2560,254,SERIGRAFISTA,4,Inventa un tipo de letras original.
2561,254,SERIGRAFISTA,4,Enseña a imprimir tu propia insignia de equipo u otro logotipo afín para autoadhesivos.
2562,254,SERIGRAFISTA,4,Realiza una exposición para tu Grupo o unidad de todos los trabajos en serigrafía.
2563,254,SERIGRAFISTA,4,Realiza por lo menos 10 trabajos serigrafiados con técnicas y materiales distintos.
2564,254,SERIGRAFISTA,4,"Serigrafía una tasa, un cuero, un lapicero, una gorra y una polera"
2565,255,SOFTWARE DE COMPUTADORA,4,"Debe conocer el manejo completo de Dos Sistemas Operativos (MS-DOS, Microsoft Windows, Linux, UNIX, etc.) Debe conocer el manejo básico de Dos Sistemas Operativos (Windows, Linux, MAC os, etc.), su instalación y su manejo"
2566,255,SOFTWARE DE COMPUTADORA,4,"Debes manejar eficientemente un Procesador de Palabras, Planilla Electrónica."
2567,255,SOFTWARE DE COMPUTADORA,4,Debes manejar eficientemente un paquete estadístico.
2568,255,SOFTWARE DE COMPUTADORA,4,"Debes manejar eficientemente por lo menos dos Graficadores. Debes manejar eficientemente por lo menos un editor de imágenes (Photoshop, GIMP)."
2569,255,SOFTWARE DE COMPUTADORA,4,Debes de manejar eficientemente por lo menos un editor de video
2570,255,SOFTWARE DE COMPUTADORA,4,"Debes manejar eficientemente por lo menos un Administrador de base de Datos (Access, MySQL, POSTGRESS, etc), dos  Administradores de directorios y/o(total commander) archivos"
2571,255,SOFTWARE DE COMPUTADORA,4,Debes manejar eficientemente dos Antivirus.
2572,255,SOFTWARE DE COMPUTADORA,4,"Debes de conocer en concepto de direcciones ip (ipv4, ipv6)."
2573,255,SOFTWARE DE COMPUTADORA,4,Debes de conocer la configuración de redes por lo menos en 2 sistemas operativos
2574,255,SOFTWARE DE COMPUTADORA,4,Elabora dos pequeños manuales en un procesador de palabras que incluyan gráficos y tablas del manejo básico de los sistemas operativos que conozcas para el uso de tu unidad
2575,255,SOFTWARE DE COMPUTADORA,4,"Diseña en una planilla electrónica unos formularios de uso frecuente de tu unidad, logra la aprobación de tu unidad y su respectiva implementación."
2576,255,SOFTWARE DE COMPUTADORA,4,"Diseña en computadora por lo menos tres insignias, para actividades de tu unidad, con su respectivo certificado de participación."
2577,255,SOFTWARE DE COMPUTADORA,4,Elabora un cortometraje de las vivencias con tu unidad y/o actividades distritales.
2578,255,SOFTWARE DE COMPUTADORA,4,"Diseña una base de datos en Access, donde almacenes información de tus dirigentes, compañeros, de los campamentos y quienes asistieron y mantenlo actualizado por lo menos 4 meses."
2579,255,SOFTWARE DE COMPUTADORA,4,Demuestra que sabes manejar dos administradores de archivos a toda tu unidad.
2580,255,SOFTWARE DE COMPUTADORA,4,"Instala un antivirus en tu equipo y demuestra como utilizarlo en tu unidad, limpiadapor lo menos 1 computadora y 3 pen drivers."
2581,255,SOFTWARE DE COMPUTADORA,4,Explica en una exposición que son los virus y como se pueden proteger los equipos y otros dispositivos de almacenamiento.
2582,255,SOFTWARE DE COMPUTADORA,4,configura 3 computadoras para que estén en red y que cada una tenga acceso a internet.
2583,256,SOPORTE BÁSICO DE VIDA,4,"Conoce la anatomía básica de los sistemas Cardiaco, pulmonar, nervioso, gástrico, urinario y músculo esquelético"
2584,256,SOPORTE BÁSICO DE VIDA,4,"sabe diferenciar entre las situaciones de Emergencia, Urgencia, y condición de alto riesgo"
2585,256,SOPORTE BÁSICO DE VIDA,4,"Sabe cuales son los signos vitales y como se miden (Pulso o frecuencia cardiaca, frecuencia respiratoria, temperatura, presión arterial)"
2586,256,SOPORTE BÁSICO DE VIDA,4,conoce el ABC del auxiliador y sabe como dar soporte a las funciones vitales básicas.
2587,256,SOPORTE BÁSICO DE VIDA,4,sabe como organizar su escenario y como realizar el acercamiento inicial a una victima
2588,256,SOPORTE BÁSICO DE VIDA,4,sabe como utilizar y valorar el avds o mini examen neurológico
2589,256,SOPORTE BÁSICO DE VIDA,4,conoce los principios con los cuales actúa maniobras como rai rac rcp heimlich
2590,256,SOPORTE BÁSICO DE VIDA,4,puede elaborar un organigrama o árbol de decisiones con las acciones básicas a tomar
2591,256,SOPORTE BÁSICO DE VIDA,4,"sabe identificar las situaciones de alto riesgo como ser tec, shock, neumotórax a tensión, hemotórax o hemoneumotorax, tórax inestable, quemaduras, accidentes con ofidios o insectos además conoce las causas y acciones básicas a tomar"
2592,256,SOPORTE BÁSICO DE VIDA,4,"sabe que es una situación de urgencia y como identificarlas como ser contusiones, heridas, hemorragias leves, fracturas, etc."
2593,256,SOPORTE BÁSICO DE VIDA,4,"conoce cuales son los elementos básicos que deben de haber en un botiquín personal, de equipo, de rama, para el auto y de la casa"
2594,256,SOPORTE BÁSICO DE VIDA,4,"conoce y sabe manejar correctamente (indicaciones, reacciones adversas, dosificación etc.) un analgésico, antipirético, antiinflamatorio, antihistaminico, antiespasmódico"
2595,256,SOPORTE BÁSICO DE VIDA,4,"Demuestra haber cursado y aprobado un curso de Soporte Básico de Vida organizado a nivel grupo, rama, distrito o nacional o por otras instituciones especializadas."
2596,256,SOPORTE BÁSICO DE VIDA,4,"Toma los signos vitales como pulso, temperatura, frecuencia respiratoria, presión arterial, nivel de conciencia"
2597,256,SOPORTE BÁSICO DE VIDA,4,"Lleva a cabo correctamente la realización de maniobras como RAI, RAC, RCP y HEIMLICH"
2598,256,SOPORTE BÁSICO DE VIDA,4,Demuestra que puedes tratar quemaduras
2599,256,SOPORTE BÁSICO DE VIDA,4,"Demuestra que sabes las maniobras para cohibir hemorragias (compresión directa, uso de la gravedad, presión en vasos arteriales o venosos)"
2600,256,SOPORTE BÁSICO DE VIDA,4,"Demuestra que puedes hacer inmovilización de fracturas e incluso de fracturas especiales (clavícula, etc.)"
2601,256,SOPORTE BÁSICO DE VIDA,4,Participa del equipo de atención medica por lo menos en dos eventos ya sea nivel grupo o distritales
2602,257,RECICLADOR,4,Cuál es la clasificación de residuos sólidos y de los residuos líquidos.
2603,257,RECICLADOR,4,Cuáles son las fuentes de mayor basura en un campamento
2604,257,RECICLADOR,4,"Explicar en qué consiste los recursos naturales (agua, tierra, aire). Y describir con ejemplos como los contamina el hombre y si podríamos prevenir esta continua contaminación."
2605,257,RECICLADOR,4,La clasificación de la basura y su importancia.
2606,257,RECICLADOR,4,"Conocer los procesos  de transformación de algunos materiales en nuestro medio como ser las botellas de plástico, papel, vidrio ¿Qué hacen con ellos, como los usan?"
2607,257,RECICLADOR,4,Conocer en detalle el riesgo y las consecuencias que causan las bolsas de nylon o plástico al medio ambiente.
2608,257,RECICLADOR,4,Conocer en detalle el riesgo y las consecuencias que causan las baterías o pilas usadas cuando se botan a la basura de manera inadecuada.
2609,257,RECICLADOR,4,Promueve con tu equipo un proyecto de re utilización de basura.
2610,257,RECICLADOR,4,"Realiza un reglamento para tu equipo, para que evite la excesiva producción de basura."
2611,257,RECICLADOR,4,Construye el libro de oro de unidad o equipo	con papel reciclado que tú fabricaste.
2612,257,RECICLADOR,4,"Demuestra la eliminación de basura dentro de un campamento: orgánica, inorgánica, aceites."
2613,257,RECICLADOR,4,"Desarrollar una campaña de información y educación acerca del correcto manejo de los desechos, en tu barrio curso u otra unidad de tu grupo."
2614,258,TECNOLOGIA DE ALIMENTOS,4,Explica que sustancias químicas se pueden encontrar en los alimentos.
2615,258,TECNOLOGIA DE ALIMENTOS,4,Explica que estudia la nutrición y porque es importante.
2616,258,TECNOLOGIA DE ALIMENTOS,4,Explica como se clasifican los alimentos.
2617,258,TECNOLOGIA DE ALIMENTOS,4,Explica  los  cuidados  y  la  limpieza  que  deben  tener  los  distintos  tipos  de alimentos.
2618,258,TECNOLOGIA DE ALIMENTOS,4,Explica las causas del deterioro de los alimentos.
2619,258,TECNOLOGIA DE ALIMENTOS,4,"Explica los métodos de conservación de alimentos. (Ej. Pasteurización, salado en seco, salmuera, conservas, etc.)"
2620,258,TECNOLOGIA DE ALIMENTOS,4,Explica que alimentos son los de mayor producción en tu Departamento.
2621,258,TECNOLOGIA DE ALIMENTOS,4,"Prepara para toda tu unidad, una exposición con todo lo investigado anteriormente."
2622,258,TECNOLOGIA DE ALIMENTOS,4,Demuestra que conoces al menos 3 técnicas de conservación de alimentos.
2623,258,TECNOLOGIA DE ALIMENTOS,4,Visita una industria de alimentos en tu Departamento y realiza una exposición a tu Unidad de lo observado.
2624,258,TECNOLOGIA DE ALIMENTOS,4,"Elabora un cuadro, donde señales los principales alimentos que se producen en tu Departamento, clasificándolos por tipo y señalando sus principales características nutricionales."
2625,259,TRADICIONES INDIGENAS,4,Investiga y explica la política del Gobierno Boliviano con respecto al indigenismo y compáralo con la de otros países.
2626,259,TRADICIONES INDIGENAS,4,Investiga y explica que culturas indígenas existieron en nuestro territorio.
2627,259,TRADICIONES INDIGENAS,4,"Investiga y explica que culturas indígenas, aun existen en nuestro país, donde se ubican sus principales costumbres, su evolución histórica, su principal actividad económica, etc."
2628,259,TRADICIONES INDIGENAS,4,Investiga y explica los principales problemas con los que viven en las comunidades indígenas.
2629,259,TRADICIONES INDIGENAS,4,"Investiga como es un día normal para un: indígena el que tu prefieras (chiquitano, quechua, guaraní, etc.) y compara sus horarios, actividades, etc. en una tabla con la de un hombre de la ciudad."
2630,259,TRADICIONES INDIGENAS,4,Demuestra que conoces las lenguas indígenas del país y elaborar un diccionario con las palabras más comunes.
2631,259,TRADICIONES INDIGENAS,4,Conocer al menos una técnica que utilice la comunidad indígena escogida en la manufactura de sus bienes
2632,259,TRADICIONES INDIGENAS,4,Tener una colección de objetos indígenas que abarquen al menos 4 culturas del país y 2 extranjeras. al menos
2633,259,TRADICIONES INDIGENAS,4,Visita un museo o un centro de investigación relacionado al indigenismo.
2634,259,TRADICIONES INDIGENAS,4,Visita una comunidad indígena y prepara una exposición para tu unidad o grupo scout de lo que pudiste ver en la comunidad.
2635,259,TRADICIONES INDIGENAS,4,"Lleva a cabo un proyecto de difusión de una cultura indígena del país, en tu barrio, colegio, grupo scout, etc."
2636,260,TRANSMISIONISTA,4,Investiga y explica cuales son las señales internacionales para pedir socorro y otros
2637,260,TRANSMISIONISTA,4,Investiga y explica que códigos son los más utilizados en el mundo para transmisiones de mensajes.
2638,260,TRANSMISIONISTA,4,"Prepara para toda tu unidad, una exposición con todo lo investigado anteriormente."
2639,260,TRANSMISIONISTA,4,"Envía y recibe un mensaje completo de no menos de 35 palabras mediante el código morse, utilizando un zumbador, cuerda o cualquier artefacto que emita sonidos."
2640,260,TRANSMISIONISTA,4,"Envía y recibe el mismo mensaje por la noche, utilizando una linterna en forma intermitente."
2641,260,TRANSMISIONISTA,4,"Envía y recibe el mismo mensaje mediante el ""semáforo"" a una distancia de por lo menos 30 m."
2642,260,TRANSMISIONISTA,4,"Demuestra que conoces el Código morse, semáforo, murciélago, eucalipto, tip top y otras dos más."
2643,260,TRANSMISIONISTA,4,Indica en qué circunstancias se podrían utilizar estos tipos de transmisión de mensajes.
2644,260,TRANSMISIONISTA,4,Crea un tipo de código propio para que se puedan comunicar en clave entre los miembros de tu equipo.
2645,260,TRANSMISIONISTA,4,Realiza un taller de Transmisiones para los 1 o 2 de tu grupo.
2646,261,ZOOLOGIA,4,Explica que estudia la zoología y cuales son sus ramas
2647,261,ZOOLOGIA,4,Explica la clasificación del reino animal.
2648,261,ZOOLOGIA,4,Explica cuales son las especies en vías de extinción de tu Departamento y del país.
2649,261,ZOOLOGIA,4,Explica  los  peligros  a  los  que  están  expuestos  los  animales  silvestres  en  tu Departamento y en el país y como contrarrestarlos.
2650,261,ZOOLOGIA,4,Investigar y explica cual es la fauna nociva y como se la puede contrarrestar.
2651,261,ZOOLOGIA,4,"Prepara  para  toda  tu  unidad,  una  exposición  con  todo  lo  investigado anteriormente"
2652,261,ZOOLOGIA,4,"Realiza un mapa del país, señalando las zonas donde se encuentran los animales en vías de extinción."
2653,261,ZOOLOGIA,4,Visita un zoológico de alguna ciudad del país y prepara un informe de lo positivo y negativo que viste en el.
2654,261,ZOOLOGIA,4,"Participar como guía de la manada o la tropa de tu grupo, en la visita a un parque, reserva natural o zoológico, explicando las características de los animales que habitan en el."
2655,261,ZOOLOGIA,4,"Confecciona un álbum de recortes y/o fotografías de animales. Clasifícalas, según orden, familia, etc. Anota sus características, costumbres, hábitat y cualquier dato de interés"
2656,261,ZOOLOGIA,4,"Organiza un campamento con tu Unidad, en una reserva ecológica y coopera con los trabajos de preservación de fauna en ella."
2657,261,ZOOLOGIA,4,Participar en una campaña o un proyecto enfocado en la protección de la fauna.